date,outlet,daypart,hotel_guest_covers,outside_covers,covers,revenue
2015-09-01,The Terrace Restaurant,Breakfast,132,5,137,2042.41
2015-09-01,The Terrace Restaurant,Lunch,6,33,39,1020.41
2015-09-01,The Terrace Restaurant,Dinner,43,18,61,2872.62
2015-09-01,Lobby Bar,Evening,23,19,42,783.83
2015-09-01,In-Room Dining,All Day,8,0,8,239.5
2015-09-01,Banquets & Events,Event,0,77,77,4375.7
2015-09-02,The Terrace Restaurant,Breakfast,182,4,186,2948.87
2015-09-02,The Terrace Restaurant,Lunch,9,20,29,737.38
2015-09-02,The Terrace Restaurant,Dinner,49,15,64,2868.3
2015-09-02,Lobby Bar,Evening,27,13,40,692.16
2015-09-02,In-Room Dining,All Day,5,0,5,155.84
2015-09-03,The Terrace Restaurant,Breakfast,189,1,190,2829.43
2015-09-03,The Terrace Restaurant,Lunch,10,25,35,850.94
2015-09-03,The Terrace Restaurant,Dinner,31,15,46,1949.14
2015-09-03,Lobby Bar,Evening,32,20,52,818.98
2015-09-03,In-Room Dining,All Day,6,0,6,188.12
2015-09-04,The Terrace Restaurant,Breakfast,269,4,273,4535.99
2015-09-04,The Terrace Restaurant,Lunch,16,16,32,741.99
2015-09-04,The Terrace Restaurant,Dinner,90,23,113,4575.34
2015-09-04,Lobby Bar,Evening,54,36,90,1415.73
2015-09-04,In-Room Dining,All Day,9,0,9,257.8
2015-09-05,The Terrace Restaurant,Breakfast,265,9,274,4446.88
2015-09-05,The Terrace Restaurant,Lunch,8,16,24,592.44
2015-09-05,The Terrace Restaurant,Dinner,60,27,87,3708.62
2015-09-05,Lobby Bar,Evening,44,30,74,1342.35
2015-09-05,In-Room Dining,All Day,10,0,10,382.26
2015-09-06,The Terrace Restaurant,Breakfast,295,1,296,5139.88
2015-09-06,The Terrace Restaurant,Lunch,20,18,38,789.82
2015-09-06,The Terrace Restaurant,Dinner,39,20,59,2623.06
2015-09-06,Lobby Bar,Evening,39,12,51,816.7
2015-09-06,In-Room Dining,All Day,10,0,10,289.63
2015-09-07,The Terrace Restaurant,Breakfast,312,3,315,4856.55
2015-09-07,The Terrace Restaurant,Lunch,15,31,46,1219.35
2015-09-07,The Terrace Restaurant,Dinner,41,11,52,2321.54
2015-09-07,Lobby Bar,Evening,63,11,74,1405.08
2015-09-07,In-Room Dining,All Day,16,0,16,551.77
2015-09-08,The Terrace Restaurant,Breakfast,240,1,241,4054.64
2015-09-08,The Terrace Restaurant,Lunch,8,24,32,693.12
2015-09-08,The Terrace Restaurant,Dinner,34,20,54,2381.82
2015-09-08,Lobby Bar,Evening,31,14,45,826.37
2015-09-08,In-Room Dining,All Day,10,0,10,343.17
2015-09-09,The Terrace Restaurant,Breakfast,280,6,286,5017.44
2015-09-09,The Terrace Restaurant,Lunch,18,29,47,1113.32
2015-09-09,The Terrace Restaurant,Dinner,59,19,78,3191.25
2015-09-09,Lobby Bar,Evening,35,12,47,916.42
2015-09-09,In-Room Dining,All Day,7,0,7,196.66
2015-09-10,The Terrace Restaurant,Breakfast,275,2,277,4298.63
2015-09-10,The Terrace Restaurant,Lunch,10,17,27,634.19
2015-09-10,The Terrace Restaurant,Dinner,43,19,62,2761.92
2015-09-10,Lobby Bar,Evening,43,6,49,1020.53
2015-09-10,In-Room Dining,All Day,8,0,8,279.22
2015-09-11,The Terrace Restaurant,Breakfast,256,3,259,3565.63
2015-09-11,The Terrace Restaurant,Lunch,16,20,36,867.63
2015-09-11,The Terrace Restaurant,Dinner,66,34,100,4917.97
2015-09-11,Lobby Bar,Evening,32,33,65,1072.12
2015-09-11,In-Room Dining,All Day,9,0,9,286.32
2015-09-12,The Terrace Restaurant,Breakfast,267,9,276,4708.51
2015-09-12,The Terrace Restaurant,Lunch,14,18,32,828.8
2015-09-12,The Terrace Restaurant,Dinner,72,40,112,5389.75
2015-09-12,Lobby Bar,Evening,36,36,72,1286.43
2015-09-12,In-Room Dining,All Day,13,0,13,370.32
2015-09-13,The Terrace Restaurant,Breakfast,189,3,192,3146.8
2015-09-13,The Terrace Restaurant,Lunch,12,29,41,821.58
2015-09-13,The Terrace Restaurant,Dinner,32,12,44,1993.05
2015-09-13,Lobby Bar,Evening,28,19,47,867.3
2015-09-13,In-Room Dining,All Day,11,0,11,347.39
2015-09-14,The Terrace Restaurant,Breakfast,239,3,242,4330.9
2015-09-14,The Terrace Restaurant,Lunch,13,24,37,982.41
2015-09-14,The Terrace Restaurant,Dinner,55,12,67,2899.61
2015-09-14,Lobby Bar,Evening,35,18,53,995.39
2015-09-14,In-Room Dining,All Day,12,0,12,334.75
2015-09-15,The Terrace Restaurant,Breakfast,266,4,270,4478.76
2015-09-15,The Terrace Restaurant,Lunch,9,26,35,855.4
2015-09-15,The Terrace Restaurant,Dinner,31,20,51,2222.9
2015-09-15,Lobby Bar,Evening,36,19,55,760.45
2015-09-15,In-Room Dining,All Day,6,0,6,197.15
2015-09-16,The Terrace Restaurant,Breakfast,276,3,279,4164.95
2015-09-16,The Terrace Restaurant,Lunch,11,28,39,909.19
2015-09-16,The Terrace Restaurant,Dinner,47,19,66,2662.26
2015-09-16,Lobby Bar,Evening,37,18,55,889.75
2015-09-16,In-Room Dining,All Day,8,0,8,226.78
2015-09-17,The Terrace Restaurant,Breakfast,279,3,282,4897.22
2015-09-17,The Terrace Restaurant,Lunch,16,34,50,1187.41
2015-09-17,The Terrace Restaurant,Dinner,72,12,84,3743.37
2015-09-17,Lobby Bar,Evening,47,17,64,1115.32
2015-09-17,In-Room Dining,All Day,10,0,10,270.58
2015-09-18,The Terrace Restaurant,Breakfast,293,7,300,4669.72
2015-09-18,The Terrace Restaurant,Lunch,16,16,32,927.6
2015-09-18,The Terrace Restaurant,Dinner,180,33,213,9871.03
2015-09-18,Lobby Bar,Evening,49,25,74,1073.69
2015-09-18,In-Room Dining,All Day,5,0,5,130.31
2015-09-19,The Terrace Restaurant,Breakfast,297,8,305,4918.84
2015-09-19,The Terrace Restaurant,Lunch,8,13,21,530.95
2015-09-19,The Terrace Restaurant,Dinner,134,26,160,6790.76
2015-09-19,Lobby Bar,Evening,41,30,71,1172.07
2015-09-19,In-Room Dining,All Day,9,0,9,268.99
2015-09-19,Banquets & Events,Event,0,90,90,4245.41
2015-09-20,The Terrace Restaurant,Breakfast,222,2,224,3347.1
2015-09-20,The Terrace Restaurant,Lunch,13,26,39,924.08
2015-09-20,The Terrace Restaurant,Dinner,27,18,45,2040.99
2015-09-20,Lobby Bar,Evening,47,20,67,1058.01
2015-09-20,In-Room Dining,All Day,8,0,8,254.63
2015-09-21,The Terrace Restaurant,Breakfast,273,0,273,4139.84
2015-09-21,The Terrace Restaurant,Lunch,14,21,35,835.43
2015-09-21,The Terrace Restaurant,Dinner,37,19,56,2414.22
2015-09-21,Lobby Bar,Evening,55,20,75,1478.72
2015-09-21,In-Room Dining,All Day,10,0,10,289.23
2015-09-22,The Terrace Restaurant,Breakfast,274,3,277,3977.78
2015-09-22,The Terrace Restaurant,Lunch,18,23,41,1084.32
2015-09-22,The Terrace Restaurant,Dinner,46,25,71,3235.99
2015-09-22,Lobby Bar,Evening,54,10,64,964.08
2015-09-22,In-Room Dining,All Day,14,0,14,405.99
2015-09-23,The Terrace Restaurant,Breakfast,271,2,273,4461.97
2015-09-23,The Terrace Restaurant,Lunch,17,31,48,1056.1
2015-09-23,The Terrace Restaurant,Dinner,77,23,100,3718.23
2015-09-23,Lobby Bar,Evening,51,21,72,1280.75
2015-09-23,In-Room Dining,All Day,10,0,10,272.94
2015-09-24,The Terrace Restaurant,Breakfast,264,6,270,4896.42
2015-09-24,The Terrace Restaurant,Lunch,9,19,28,625.28
2015-09-24,The Terrace Restaurant,Dinner,65,17,82,3602.93
2015-09-24,Lobby Bar,Evening,39,21,60,888.16
2015-09-24,In-Room Dining,All Day,15,0,15,445.55
2015-09-25,The Terrace Restaurant,Breakfast,262,7,269,4734.99
2015-09-25,The Terrace Restaurant,Lunch,15,20,35,893.14
2015-09-25,The Terrace Restaurant,Dinner,71,47,118,5089.92
2015-09-25,Lobby Bar,Evening,33,22,55,761.44
2015-09-25,In-Room Dining,All Day,6,0,6,172.38
2015-09-26,The Terrace Restaurant,Breakfast,204,3,207,3459.99
2015-09-26,The Terrace Restaurant,Lunch,10,15,25,633.68
2015-09-26,The Terrace Restaurant,Dinner,27,33,60,2784.83
2015-09-26,Lobby Bar,Evening,36,26,62,976.18
2015-09-26,In-Room Dining,All Day,6,0,6,190.2
2015-09-27,The Terrace Restaurant,Breakfast,225,1,226,3561.71
2015-09-27,The Terrace Restaurant,Lunch,16,10,26,511.82
2015-09-27,The Terrace Restaurant,Dinner,19,18,37,1385.78
2015-09-27,Lobby Bar,Evening,27,17,44,725.76
2015-09-27,In-Room Dining,All Day,11,0,11,341.31
2015-09-28,The Terrace Restaurant,Breakfast,232,5,237,3984.75
2015-09-28,The Terrace Restaurant,Lunch,9,16,25,514.39
2015-09-28,The Terrace Restaurant,Dinner,13,13,26,1297.92
2015-09-28,Lobby Bar,Evening,39,21,60,1020.98
2015-09-28,In-Room Dining,All Day,5,0,5,141.44
2015-09-28,Banquets & Events,Event,0,133,133,6448.74
2015-09-29,The Terrace Restaurant,Breakfast,186,4,190,2776.75
2015-09-29,The Terrace Restaurant,Lunch,7,21,28,575.95
2015-09-29,The Terrace Restaurant,Dinner,10,19,29,1380.72
2015-09-29,Lobby Bar,Evening,24,17,41,716.22
2015-09-29,In-Room Dining,All Day,8,0,8,273.54
2015-09-30,The Terrace Restaurant,Breakfast,158,2,160,2477.67
2015-09-30,The Terrace Restaurant,Lunch,9,19,28,609.53
2015-09-30,The Terrace Restaurant,Dinner,58,23,81,3530.47
2015-09-30,Lobby Bar,Evening,27,18,45,860.56
2015-09-30,In-Room Dining,All Day,3,0,3,90.17
2015-10-01,The Terrace Restaurant,Breakfast,115,1,116,2138.86
2015-10-01,The Terrace Restaurant,Lunch,6,22,28,842.9
2015-10-01,The Terrace Restaurant,Dinner,25,16,41,1808.49
2015-10-01,Lobby Bar,Evening,18,10,28,492.18
2015-10-01,In-Room Dining,All Day,4,0,4,130.61
2015-10-02,The Terrace Restaurant,Breakfast,252,4,256,4080.73
2015-10-02,The Terrace Restaurant,Lunch,7,18,25,505.99
2015-10-02,The Terrace Restaurant,Dinner,37,21,58,2806.17
2015-10-02,Lobby Bar,Evening,35,36,71,1153.15
2015-10-02,In-Room Dining,All Day,6,0,6,186.57
2015-10-03,The Terrace Restaurant,Breakfast,225,6,231,3318.41
2015-10-03,The Terrace Restaurant,Lunch,9,20,29,718.11
2015-10-03,The Terrace Restaurant,Dinner,24,35,59,2894.29
2015-10-03,Lobby Bar,Evening,31,25,56,885.97
2015-10-03,In-Room Dining,All Day,12,0,12,354.99
2015-10-04,The Terrace Restaurant,Breakfast,244,2,246,4077.17
2015-10-04,The Terrace Restaurant,Lunch,12,34,46,1156.07
2015-10-04,The Terrace Restaurant,Dinner,28,24,52,2377.83
2015-10-04,Lobby Bar,Evening,30,15,45,585.65
2015-10-04,In-Room Dining,All Day,12,0,12,263.42
2015-10-05,The Terrace Restaurant,Breakfast,255,1,256,3937.39
2015-10-05,The Terrace Restaurant,Lunch,14,19,33,728.49
2015-10-05,The Terrace Restaurant,Dinner,49,9,58,2559.07
2015-10-05,Lobby Bar,Evening,35,13,48,750.74
2015-10-05,In-Room Dining,All Day,11,0,11,371.14
2015-10-06,The Terrace Restaurant,Breakfast,242,2,244,3465.42
2015-10-06,The Terrace Restaurant,Lunch,18,23,41,1052.53
2015-10-06,The Terrace Restaurant,Dinner,53,20,73,3302.63
2015-10-06,Lobby Bar,Evening,44,21,65,1099.76
2015-10-06,In-Room Dining,All Day,9,0,9,269.75
2015-10-07,The Terrace Restaurant,Breakfast,317,2,319,4599.8
2015-10-07,The Terrace Restaurant,Lunch,13,19,32,771.21
2015-10-07,The Terrace Restaurant,Dinner,38,13,51,1865.58
2015-10-07,Lobby Bar,Evening,61,12,73,1344.8
2015-10-07,In-Room Dining,All Day,19,0,19,598.55
2015-10-08,The Terrace Restaurant,Breakfast,326,5,331,5591.97
2015-10-08,The Terrace Restaurant,Lunch,17,21,38,872.77
2015-10-08,The Terrace Restaurant,Dinner,40,16,56,2493.54
2015-10-08,Lobby Bar,Evening,52,16,68,1290.47
2015-10-08,In-Room Dining,All Day,15,0,15,507.12
2015-10-08,Banquets & Events,Event,0,95,95,5196.38
2015-10-09,The Terrace Restaurant,Breakfast,300,3,303,4230.25
2015-10-09,The Terrace Restaurant,Lunch,12,11,23,676.05
2015-10-09,The Terrace Restaurant,Dinner,70,21,91,4142.57
2015-10-09,Lobby Bar,Evening,43,32,75,1117.55
2015-10-09,In-Room Dining,All Day,8,0,8,242.51
2015-10-10,The Terrace Restaurant,Breakfast,324,7,331,5556.18
2015-10-10,The Terrace Restaurant,Lunch,11,18,29,735.02
2015-10-10,The Terrace Restaurant,Dinner,53,28,81,3486.54
2015-10-10,Lobby Bar,Evening,44,21,65,1136.12
2015-10-10,In-Room Dining,All Day,8,0,8,256.93
2015-10-10,Banquets & Events,Event,0,41,41,2206.65
2015-10-11,The Terrace Restaurant,Breakfast,274,1,275,3661.7
2015-10-11,The Terrace Restaurant,Lunch,17,24,41,1092.77
2015-10-11,The Terrace Restaurant,Dinner,32,14,46,2009.62
2015-10-11,Lobby Bar,Evening,47,11,58,1040.44
2015-10-11,In-Room Dining,All Day,6,0,6,180.28
2015-10-11,Banquets & Events,Event,0,86,86,5172.98
2015-10-12,The Terrace Restaurant,Breakfast,251,6,257,3721.5
2015-10-12,The Terrace Restaurant,Lunch,14,20,34,751.69
2015-10-12,The Terrace Restaurant,Dinner,26,21,47,1999.88
2015-10-12,Lobby Bar,Evening,34,14,48,750.86
2015-10-12,In-Room Dining,All Day,12,0,12,324.38
2015-10-13,The Terrace Restaurant,Breakfast,215,3,218,3485.03
2015-10-13,The Terrace Restaurant,Lunch,9,30,39,981.9
2015-10-13,The Terrace Restaurant,Dinner,47,16,63,2938.35
2015-10-13,Lobby Bar,Evening,33,11,44,836.86
2015-10-13,In-Room Dining,All Day,5,0,5,138.6
2015-10-14,The Terrace Restaurant,Breakfast,186,2,188,3557.05
2015-10-14,The Terrace Restaurant,Lunch,8,25,33,780.22
2015-10-14,The Terrace Restaurant,Dinner,40,11,51,1840.12
2015-10-14,Lobby Bar,Evening,23,19,42,787.72
2015-10-14,In-Room Dining,All Day,7,0,7,230.59
2015-10-14,Banquets & Events,Event,0,57,57,3342.68
2015-10-15,The Terrace Restaurant,Breakfast,227,3,230,3007.35
2015-10-15,The Terrace Restaurant,Lunch,11,22,33,793.68
2015-10-15,The Terrace Restaurant,Dinner,74,11,85,3440.41
2015-10-15,Lobby Bar,Evening,40,14,54,887.73
2015-10-15,In-Room Dining,All Day,14,0,14,428.04
2015-10-16,The Terrace Restaurant,Breakfast,293,5,298,4584.06
2015-10-16,The Terrace Restaurant,Lunch,17,14,31,717.39
2015-10-16,The Terrace Restaurant,Dinner,143,42,185,8526.52
2015-10-16,Lobby Bar,Evening,37,28,65,1049.87
2015-10-16,In-Room Dining,All Day,4,0,4,118.05
2015-10-17,The Terrace Restaurant,Breakfast,333,3,336,5483.71
2015-10-17,The Terrace Restaurant,Lunch,15,21,36,920.97
2015-10-17,The Terrace Restaurant,Dinner,146,31,177,8314.77
2015-10-17,Lobby Bar,Evening,60,24,84,1434.11
2015-10-17,In-Room Dining,All Day,11,0,11,271.54
2015-10-18,The Terrace Restaurant,Breakfast,224,3,227,3796.3
2015-10-18,The Terrace Restaurant,Lunch,16,23,39,879.05
2015-10-18,The Terrace Restaurant,Dinner,44,18,62,2939.14
2015-10-18,Lobby Bar,Evening,32,10,42,606.73
2015-10-18,In-Room Dining,All Day,5,0,5,165.87
2015-10-19,The Terrace Restaurant,Breakfast,287,3,290,4444.48
2015-10-19,The Terrace Restaurant,Lunch,24,35,59,1333.05
2015-10-19,The Terrace Restaurant,Dinner,37,21,58,2699.38
2015-10-19,Lobby Bar,Evening,26,15,41,674.12
2015-10-19,In-Room Dining,All Day,10,0,10,300.63
2015-10-19,Banquets & Events,Event,0,82,82,3799.38
2015-10-20,The Terrace Restaurant,Breakfast,288,6,294,4099.9
2015-10-20,The Terrace Restaurant,Lunch,11,28,39,949.27
2015-10-20,The Terrace Restaurant,Dinner,41,19,60,2572.96
2015-10-20,Lobby Bar,Evening,49,13,62,962.38
2015-10-20,In-Room Dining,All Day,14,0,14,402.2
2015-10-21,The Terrace Restaurant,Breakfast,306,3,309,5171.64
2015-10-21,The Terrace Restaurant,Lunch,24,19,43,1015.15
2015-10-21,The Terrace Restaurant,Dinner,33,23,56,2462.27
2015-10-21,Lobby Bar,Evening,43,16,59,1104.18
2015-10-21,In-Room Dining,All Day,10,0,10,288.87
2015-10-22,The Terrace Restaurant,Breakfast,217,3,220,3571.06
2015-10-22,The Terrace Restaurant,Lunch,13,22,35,883.99
2015-10-22,The Terrace Restaurant,Dinner,35,12,47,1797.43
2015-10-22,Lobby Bar,Evening,27,16,43,722.58
2015-10-22,In-Room Dining,All Day,4,0,4,147.07
2015-10-23,The Terrace Restaurant,Breakfast,202,10,212,3660.25
2015-10-23,The Terrace Restaurant,Lunch,10,19,29,616.54
2015-10-23,The Terrace Restaurant,Dinner,17,26,43,1549.86
2015-10-23,Lobby Bar,Evening,43,23,66,1162.39
2015-10-23,In-Room Dining,All Day,8,0,8,250.27
2015-10-24,The Terrace Restaurant,Breakfast,152,4,156,2371.69
2015-10-24,The Terrace Restaurant,Lunch,10,8,18,443.16
2015-10-24,The Terrace Restaurant,Dinner,22,31,53,2215.47
2015-10-24,Lobby Bar,Evening,23,23,46,813.2
2015-10-24,In-Room Dining,All Day,4,0,4,123.57
2015-10-25,The Terrace Restaurant,Breakfast,284,2,286,4652.98
2015-10-25,The Terrace Restaurant,Lunch,21,23,44,892.57
2015-10-25,The Terrace Restaurant,Dinner,34,21,55,2652.03
2015-10-25,Lobby Bar,Evening,40,15,55,958.14
2015-10-25,In-Room Dining,All Day,11,0,11,309.22
2015-10-25,Banquets & Events,Event,0,122,122,7167.03
2015-10-26,The Terrace Restaurant,Breakfast,301,4,305,5034.41
2015-10-26,The Terrace Restaurant,Lunch,12,22,34,774.98
2015-10-26,The Terrace Restaurant,Dinner,38,21,59,2514.58
2015-10-26,Lobby Bar,Evening,43,19,62,1000.47
2015-10-26,In-Room Dining,All Day,18,0,18,565.23
2015-10-27,The Terrace Restaurant,Breakfast,270,4,274,4744.81
2015-10-27,The Terrace Restaurant,Lunch,24,11,35,829.72
2015-10-27,The Terrace Restaurant,Dinner,33,15,48,1715.9
2015-10-27,Lobby Bar,Evening,44,14,58,874.78
2015-10-27,In-Room Dining,All Day,12,0,12,350.29
2015-10-28,The Terrace Restaurant,Breakfast,261,3,264,4651.31
2015-10-28,The Terrace Restaurant,Lunch,10,18,28,699.31
2015-10-28,The Terrace Restaurant,Dinner,54,21,75,3233.37
2015-10-28,Lobby Bar,Evening,45,23,68,1425.51
2015-10-28,In-Room Dining,All Day,13,0,13,413.45
2015-10-28,Banquets & Events,Event,0,59,59,3415.33
2015-10-29,The Terrace Restaurant,Breakfast,298,2,300,5213.89
2015-10-29,The Terrace Restaurant,Lunch,13,25,38,910.76
2015-10-29,The Terrace Restaurant,Dinner,58,20,78,3434.27
2015-10-29,Lobby Bar,Evening,54,12,66,988.07
2015-10-29,In-Room Dining,All Day,11,0,11,337.75
2015-10-30,The Terrace Restaurant,Breakfast,264,10,274,4347.99
2015-10-30,The Terrace Restaurant,Lunch,13,15,28,687.16
2015-10-30,The Terrace Restaurant,Dinner,36,28,64,2452.16
2015-10-30,Lobby Bar,Evening,49,24,73,1187.61
2015-10-30,In-Room Dining,All Day,10,0,10,294.14
2015-10-31,The Terrace Restaurant,Breakfast,156,8,164,2259.22
2015-10-31,The Terrace Restaurant,Lunch,3,25,28,679.6
2015-10-31,The Terrace Restaurant,Dinner,19,32,51,2162.6
2015-10-31,Lobby Bar,Evening,27,35,62,1108.05
2015-10-31,In-Room Dining,All Day,4,0,4,113.95
2015-11-01,The Terrace Restaurant,Breakfast,133,1,134,1904.27
2015-11-01,The Terrace Restaurant,Lunch,4,14,18,413.71
2015-11-01,The Terrace Restaurant,Dinner,18,16,34,1323.42
2015-11-01,Lobby Bar,Evening,21,11,32,535.75
2015-11-01,In-Room Dining,All Day,7,0,7,218.93
2015-11-01,Banquets & Events,Event,0,128,128,7364.21
2015-11-02,The Terrace Restaurant,Breakfast,105,1,106,1738.58
2015-11-02,The Terrace Restaurant,Lunch,4,16,20,456.23
2015-11-02,The Terrace Restaurant,Dinner,9,15,24,1109.12
2015-11-02,Lobby Bar,Evening,17,14,31,529.97
2015-11-02,In-Room Dining,All Day,5,0,5,145.36
2015-11-03,The Terrace Restaurant,Breakfast,115,1,116,1981.04
2015-11-03,The Terrace Restaurant,Lunch,5,23,28,655.28
2015-11-03,The Terrace Restaurant,Dinner,11,18,29,1450.16
2015-11-03,Lobby Bar,Evening,17,19,36,622.31
2015-11-03,In-Room Dining,All Day,4,0,4,138.51
2015-11-03,Banquets & Events,Event,0,62,62,3439.59
2015-11-04,The Terrace Restaurant,Breakfast,120,4,124,2145.18
2015-11-04,The Terrace Restaurant,Lunch,3,15,18,447.29
2015-11-04,The Terrace Restaurant,Dinner,13,13,26,968.2
2015-11-04,Lobby Bar,Evening,23,13,36,659.04
2015-11-04,In-Room Dining,All Day,12,0,12,313.26
2015-11-05,The Terrace Restaurant,Breakfast,129,6,135,2271.38
2015-11-05,The Terrace Restaurant,Lunch,9,17,26,701.82
2015-11-05,The Terrace Restaurant,Dinner,21,20,41,1812.29
2015-11-05,Lobby Bar,Evening,18,13,31,530.71
2015-11-05,In-Room Dining,All Day,6,0,6,182.15
2015-11-06,The Terrace Restaurant,Breakfast,162,5,167,2589.8
2015-11-06,The Terrace Restaurant,Lunch,7,9,16,374.8
2015-11-06,The Terrace Restaurant,Dinner,11,16,27,1171.97
2015-11-06,Lobby Bar,Evening,31,19,50,894.58
2015-11-06,In-Room Dining,All Day,6,0,6,207.02
2015-11-07,The Terrace Restaurant,Breakfast,150,4,154,2254.17
2015-11-07,The Terrace Restaurant,Lunch,7,11,18,481.26
2015-11-07,The Terrace Restaurant,Dinner,12,15,27,1144.58
2015-11-07,Lobby Bar,Evening,14,24,38,591.04
2015-11-07,In-Room Dining,All Day,7,0,7,189.9
2015-11-08,The Terrace Restaurant,Breakfast,141,1,142,2166.29
2015-11-08,The Terrace Restaurant,Lunch,7,19,26,570.3
2015-11-08,The Terrace Restaurant,Dinner,19,11,30,1306.27
2015-11-08,Lobby Bar,Evening,27,21,48,825.62
2015-11-08,In-Room Dining,All Day,10,0,10,320.8
2015-11-09,The Terrace Restaurant,Breakfast,81,5,86,1214.6
2015-11-09,The Terrace Restaurant,Lunch,1,19,20,434.21
2015-11-09,The Terrace Restaurant,Dinner,14,17,31,1443.92
2015-11-09,Lobby Bar,Evening,10,15,25,479.54
2015-11-09,In-Room Dining,All Day,2,0,2,56.24
2015-11-10,The Terrace Restaurant,Breakfast,83,4,87,1191.23
2015-11-10,The Terrace Restaurant,Lunch,5,18,23,640.36
2015-11-10,The Terrace Restaurant,Dinner,10,12,22,917.36
2015-11-10,Lobby Bar,Evening,13,17,30,460.93
2015-11-10,In-Room Dining,All Day,4,0,4,118.19
2015-11-11,The Terrace Restaurant,Breakfast,100,1,101,1521.06
2015-11-11,The Terrace Restaurant,Lunch,2,17,19,440.3
2015-11-11,The Terrace Restaurant,Dinner,9,15,24,1064.84
2015-11-11,Lobby Bar,Evening,16,11,27,389.48
2015-11-11,In-Room Dining,All Day,0,0,0,0.0
2015-11-12,The Terrace Restaurant,Breakfast,96,4,100,1625.39
2015-11-12,The Terrace Restaurant,Lunch,4,19,23,569.25
2015-11-12,The Terrace Restaurant,Dinner,14,18,32,1442.22
2015-11-12,Lobby Bar,Evening,15,13,28,422.51
2015-11-12,In-Room Dining,All Day,8,0,8,246.13
2015-11-13,The Terrace Restaurant,Breakfast,85,4,89,1442.15
2015-11-13,The Terrace Restaurant,Lunch,4,7,11,274.07
2015-11-13,The Terrace Restaurant,Dinner,9,43,52,2275.22
2015-11-13,Lobby Bar,Evening,17,24,41,551.92
2015-11-13,In-Room Dining,All Day,3,0,3,89.44
2015-11-14,The Terrace Restaurant,Breakfast,91,2,93,1432.94
2015-11-14,The Terrace Restaurant,Lunch,3,15,18,463.89
2015-11-14,The Terrace Restaurant,Dinner,8,30,38,1487.52
2015-11-14,Lobby Bar,Evening,17,26,43,736.98
2015-11-14,In-Room Dining,All Day,2,0,2,65.8
2015-11-15,The Terrace Restaurant,Breakfast,64,4,68,1035.54
2015-11-15,The Terrace Restaurant,Lunch,4,15,19,444.73
2015-11-15,The Terrace Restaurant,Dinner,4,16,20,917.36
2015-11-15,Lobby Bar,Evening,8,4,12,171.72
2015-11-15,In-Room Dining,All Day,1,0,1,31.14
2015-11-15,Banquets & Events,Event,0,148,148,8179.78
2015-11-16,The Terrace Restaurant,Breakfast,52,1,53,769.73
2015-11-16,The Terrace Restaurant,Lunch,4,20,24,547.0
2015-11-16,The Terrace Restaurant,Dinner,7,20,27,1196.99
2015-11-16,Lobby Bar,Evening,11,16,27,432.79
2015-11-16,In-Room Dining,All Day,0,0,0,0.0
2015-11-17,The Terrace Restaurant,Breakfast,64,1,65,1072.49
2015-11-17,The Terrace Restaurant,Lunch,1,19,20,498.79
2015-11-17,The Terrace Restaurant,Dinner,6,20,26,1163.69
2015-11-17,Lobby Bar,Evening,10,11,21,333.89
2015-11-17,In-Room Dining,All Day,1,0,1,30.93
2015-11-17,Banquets & Events,Event,0,79,79,5216.58
2015-11-18,The Terrace Restaurant,Breakfast,138,4,142,2425.82
2015-11-18,The Terrace Restaurant,Lunch,10,21,31,724.23
2015-11-18,The Terrace Restaurant,Dinner,10,15,25,1038.9
2015-11-18,Lobby Bar,Evening,23,16,39,669.76
2015-11-18,In-Room Dining,All Day,4,0,4,131.26
2015-11-18,Banquets & Events,Event,0,81,81,4545.84
2015-11-19,The Terrace Restaurant,Breakfast,151,2,153,2263.14
2015-11-19,The Terrace Restaurant,Lunch,19,19,38,958.21
2015-11-19,The Terrace Restaurant,Dinner,11,22,33,1353.17
2015-11-19,Lobby Bar,Evening,22,12,34,593.49
2015-11-19,In-Room Dining,All Day,4,0,4,128.77
2015-11-19,Banquets & Events,Event,0,151,151,8760.27
2015-11-20,The Terrace Restaurant,Breakfast,202,3,205,3470.53
2015-11-20,The Terrace Restaurant,Lunch,6,12,18,437.98
2015-11-20,The Terrace Restaurant,Dinner,20,29,49,2015.71
2015-11-20,Lobby Bar,Evening,25,39,64,1048.3
2015-11-20,In-Room Dining,All Day,10,0,10,325.15
2015-11-21,The Terrace Restaurant,Breakfast,150,6,156,2342.57
2015-11-21,The Terrace Restaurant,Lunch,9,15,24,526.35
2015-11-21,The Terrace Restaurant,Dinner,13,30,43,1733.99
2015-11-21,Lobby Bar,Evening,27,29,56,928.77
2015-11-21,In-Room Dining,All Day,10,0,10,290.01
2015-11-22,The Terrace Restaurant,Breakfast,61,1,62,866.44
2015-11-22,The Terrace Restaurant,Lunch,0,29,29,733.59
2015-11-22,The Terrace Restaurant,Dinner,6,14,20,903.37
2015-11-22,Lobby Bar,Evening,8,11,19,335.34
2015-11-22,In-Room Dining,All Day,1,0,1,32.51
2015-11-23,The Terrace Restaurant,Breakfast,150,1,151,1823.83
2015-11-23,The Terrace Restaurant,Lunch,5,15,20,403.81
2015-11-23,The Terrace Restaurant,Dinner,16,13,29,1304.27
2015-11-23,Lobby Bar,Evening,22,11,33,490.07
2015-11-23,In-Room Dining,All Day,3,0,3,101.49
2015-11-24,The Terrace Restaurant,Breakfast,172,2,174,2715.82
2015-11-24,The Terrace Restaurant,Lunch,4,25,29,671.8
2015-11-24,The Terrace Restaurant,Dinner,16,18,34,1497.6
2015-11-24,Lobby Bar,Evening,38,5,43,734.27
2015-11-24,In-Room Dining,All Day,7,0,7,223.36
2015-11-25,The Terrace Restaurant,Breakfast,171,2,173,2770.59
2015-11-25,The Terrace Restaurant,Lunch,8,21,29,751.66
2015-11-25,The Terrace Restaurant,Dinner,22,11,33,1448.1
2015-11-25,Lobby Bar,Evening,19,6,25,418.54
2015-11-25,In-Room Dining,All Day,6,0,6,183.19
2015-11-26,The Terrace Restaurant,Breakfast,128,5,133,2153.55
2015-11-26,The Terrace Restaurant,Lunch,5,19,24,692.67
2015-11-26,The Terrace Restaurant,Dinner,9,11,20,817.82
2015-11-26,Lobby Bar,Evening,26,8,34,572.69
2015-11-26,In-Room Dining,All Day,2,0,2,60.24
2015-11-27,The Terrace Restaurant,Breakfast,138,9,147,2343.53
2015-11-27,The Terrace Restaurant,Lunch,15,9,24,590.23
2015-11-27,The Terrace Restaurant,Dinner,13,28,41,1777.55
2015-11-27,Lobby Bar,Evening,21,26,47,861.65
2015-11-27,In-Room Dining,All Day,6,0,6,175.62
2015-11-28,The Terrace Restaurant,Breakfast,132,4,136,1925.09
2015-11-28,The Terrace Restaurant,Lunch,9,14,23,524.09
2015-11-28,The Terrace Restaurant,Dinner,19,31,50,2472.78
2015-11-28,Lobby Bar,Evening,13,19,32,635.69
2015-11-28,In-Room Dining,All Day,9,0,9,278.62
2015-11-29,The Terrace Restaurant,Breakfast,115,4,119,1648.71
2015-11-29,The Terrace Restaurant,Lunch,10,18,28,665.03
2015-11-29,The Terrace Restaurant,Dinner,12,15,27,1265.87
2015-11-29,Lobby Bar,Evening,16,20,36,585.8
2015-11-29,In-Room Dining,All Day,1,0,1,32.34
2015-11-30,The Terrace Restaurant,Breakfast,40,2,42,568.96
2015-11-30,The Terrace Restaurant,Lunch,1,25,26,564.65
2015-11-30,The Terrace Restaurant,Dinner,4,11,15,729.83
2015-11-30,Lobby Bar,Evening,5,14,19,328.47
2015-11-30,In-Room Dining,All Day,2,0,2,60.61
2015-12-01,The Terrace Restaurant,Breakfast,41,1,42,665.85
2015-12-01,The Terrace Restaurant,Lunch,2,21,23,551.9
2015-12-01,The Terrace Restaurant,Dinner,8,12,20,826.36
2015-12-01,Lobby Bar,Evening,6,14,20,280.36
2015-12-01,In-Room Dining,All Day,1,0,1,34.06
2015-12-01,Banquets & Events,Event,0,60,60,3602.6
2015-12-02,The Terrace Restaurant,Breakfast,49,5,54,981.97
2015-12-02,The Terrace Restaurant,Lunch,3,23,26,695.68
2015-12-02,The Terrace Restaurant,Dinner,6,18,24,1037.94
2015-12-02,Lobby Bar,Evening,10,7,17,287.38
2015-12-02,In-Room Dining,All Day,1,0,1,33.68
2015-12-02,Banquets & Events,Event,0,64,64,3887.44
2015-12-03,The Terrace Restaurant,Breakfast,57,3,60,893.54
2015-12-03,The Terrace Restaurant,Lunch,1,21,22,548.29
2015-12-03,The Terrace Restaurant,Dinner,5,18,23,1008.31
2015-12-03,Lobby Bar,Evening,4,9,13,190.33
2015-12-03,In-Room Dining,All Day,3,0,3,80.51
2015-12-04,The Terrace Restaurant,Breakfast,136,8,144,2512.94
2015-12-04,The Terrace Restaurant,Lunch,7,14,21,431.04
2015-12-04,The Terrace Restaurant,Dinner,11,25,36,1770.71
2015-12-04,Lobby Bar,Evening,25,30,55,873.98
2015-12-04,In-Room Dining,All Day,5,0,5,170.7
2015-12-05,The Terrace Restaurant,Breakfast,330,12,342,6013.9
2015-12-05,The Terrace Restaurant,Lunch,16,16,32,734.59
2015-12-05,The Terrace Restaurant,Dinner,50,26,76,3078.39
2015-12-05,Lobby Bar,Evening,55,29,84,1534.29
2015-12-05,In-Room Dining,All Day,16,0,16,561.76
2015-12-06,The Terrace Restaurant,Breakfast,334,3,337,5430.89
2015-12-06,The Terrace Restaurant,Lunch,24,20,44,1152.32
2015-12-06,The Terrace Restaurant,Dinner,52,21,73,3363.26
2015-12-06,Lobby Bar,Evening,52,16,68,1141.53
2015-12-06,In-Room Dining,All Day,10,0,10,297.26
2015-12-07,The Terrace Restaurant,Breakfast,272,3,275,4065.41
2015-12-07,The Terrace Restaurant,Lunch,14,27,41,928.89
2015-12-07,The Terrace Restaurant,Dinner,58,20,78,3322.3
2015-12-07,Lobby Bar,Evening,44,12,56,988.95
2015-12-07,In-Room Dining,All Day,8,0,8,255.25
2015-12-08,The Terrace Restaurant,Breakfast,72,3,75,1133.75
2015-12-08,The Terrace Restaurant,Lunch,2,17,19,447.25
2015-12-08,The Terrace Restaurant,Dinner,33,21,54,2363.96
2015-12-08,Lobby Bar,Evening,14,19,33,583.23
2015-12-08,In-Room Dining,All Day,3,0,3,95.93
2015-12-09,The Terrace Restaurant,Breakfast,78,1,79,1383.94
2015-12-09,The Terrace Restaurant,Lunch,3,24,27,499.66
2015-12-09,The Terrace Restaurant,Dinner,5,14,19,840.52
2015-12-09,Lobby Bar,Evening,9,9,18,279.41
2015-12-09,In-Room Dining,All Day,3,0,3,102.6
2015-12-09,Banquets & Events,Event,0,129,129,6717.43
2015-12-10,The Terrace Restaurant,Breakfast,101,2,103,1493.8
2015-12-10,The Terrace Restaurant,Lunch,11,28,39,934.08
2015-12-10,The Terrace Restaurant,Dinner,34,16,50,2313.97
2015-12-10,Lobby Bar,Evening,12,11,23,427.29
2015-12-10,In-Room Dining,All Day,2,0,2,59.67
2015-12-10,Banquets & Events,Event,0,119,119,6991.11
2015-12-11,The Terrace Restaurant,Breakfast,126,7,133,2009.77
2015-12-11,The Terrace Restaurant,Lunch,12,18,30,688.78
2015-12-11,The Terrace Restaurant,Dinner,32,25,57,2662.47
2015-12-11,Lobby Bar,Evening,23,31,54,905.97
2015-12-11,In-Room Dining,All Day,3,0,3,112.6
2015-12-11,Banquets & Events,Event,0,54,54,3095.68
2015-12-12,The Terrace Restaurant,Breakfast,86,3,89,1434.76
2015-12-12,The Terrace Restaurant,Lunch,4,14,18,416.47
2015-12-12,The Terrace Restaurant,Dinner,7,33,40,1855.13
2015-12-12,Lobby Bar,Evening,12,28,40,644.99
2015-12-12,In-Room Dining,All Day,3,0,3,100.22
2015-12-13,The Terrace Restaurant,Breakfast,40,0,40,728.38
2015-12-13,The Terrace Restaurant,Lunch,2,15,17,396.11
2015-12-13,The Terrace Restaurant,Dinner,4,16,20,842.32
2015-12-13,Lobby Bar,Evening,3,14,17,308.49
2015-12-13,In-Room Dining,All Day,1,0,1,31.74
2015-12-14,The Terrace Restaurant,Breakfast,37,5,42,724.72
2015-12-14,The Terrace Restaurant,Lunch,1,24,25,594.84
2015-12-14,The Terrace Restaurant,Dinner,6,14,20,957.16
2015-12-14,Lobby Bar,Evening,2,21,23,358.3
2015-12-14,In-Room Dining,All Day,0,0,0,0.0
2015-12-15,The Terrace Restaurant,Breakfast,24,1,25,443.79
2015-12-15,The Terrace Restaurant,Lunch,0,24,24,508.33
2015-12-15,The Terrace Restaurant,Dinner,3,17,20,803.54
2015-12-15,Lobby Bar,Evening,4,10,14,239.23
2015-12-15,In-Room Dining,All Day,1,0,1,26.43
2015-12-16,The Terrace Restaurant,Breakfast,37,1,38,498.91
2015-12-16,The Terrace Restaurant,Lunch,1,27,28,693.31
2015-12-16,The Terrace Restaurant,Dinner,3,14,17,816.27
2015-12-16,Lobby Bar,Evening,7,14,21,369.04
2015-12-16,In-Room Dining,All Day,0,0,0,0.0
2015-12-17,The Terrace Restaurant,Breakfast,45,2,47,718.28
2015-12-17,The Terrace Restaurant,Lunch,2,17,19,441.08
2015-12-17,The Terrace Restaurant,Dinner,2,23,25,994.48
2015-12-17,Lobby Bar,Evening,7,16,23,390.96
2015-12-17,In-Room Dining,All Day,2,0,2,63.77
2015-12-17,Banquets & Events,Event,0,132,132,8300.11
2015-12-18,The Terrace Restaurant,Breakfast,66,2,68,977.2
2015-12-18,The Terrace Restaurant,Lunch,5,19,24,612.9
2015-12-18,The Terrace Restaurant,Dinner,7,29,36,1489.45
2015-12-18,Lobby Bar,Evening,17,20,37,591.0
2015-12-18,In-Room Dining,All Day,1,0,1,26.62
2015-12-18,Banquets & Events,Event,0,81,81,4150.96
2015-12-19,The Terrace Restaurant,Breakfast,66,8,74,1255.5
2015-12-19,The Terrace Restaurant,Lunch,2,14,16,318.62
2015-12-19,The Terrace Restaurant,Dinner,8,23,31,1576.89
2015-12-19,Lobby Bar,Evening,11,26,37,591.95
2015-12-19,In-Room Dining,All Day,2,0,2,54.06
2015-12-20,The Terrace Restaurant,Breakfast,52,0,52,900.43
2015-12-20,The Terrace Restaurant,Lunch,3,20,23,557.26
2015-12-20,The Terrace Restaurant,Dinner,11,13,24,1186.54
2015-12-20,Lobby Bar,Evening,10,17,27,442.58
2015-12-20,In-Room Dining,All Day,1,0,1,34.93
2015-12-21,The Terrace Restaurant,Breakfast,55,3,58,871.1
2015-12-21,The Terrace Restaurant,Lunch,2,25,27,630.68
2015-12-21,The Terrace Restaurant,Dinner,10,22,32,1185.68
2015-12-21,Lobby Bar,Evening,10,11,21,424.4
2015-12-21,In-Room Dining,All Day,3,0,3,89.87
2015-12-22,The Terrace Restaurant,Breakfast,55,8,63,946.54
2015-12-22,The Terrace Restaurant,Lunch,2,18,20,508.25
2015-12-22,The Terrace Restaurant,Dinner,14,19,33,1518.43
2015-12-22,Lobby Bar,Evening,7,16,23,406.23
2015-12-22,In-Room Dining,All Day,1,0,1,30.76
2015-12-23,The Terrace Restaurant,Breakfast,51,3,54,838.18
2015-12-23,The Terrace Restaurant,Lunch,1,20,21,561.4
2015-12-23,The Terrace Restaurant,Dinner,10,16,26,1102.71
2015-12-23,Lobby Bar,Evening,13,13,26,418.24
2015-12-23,In-Room Dining,All Day,0,0,0,0.0
2015-12-24,The Terrace Restaurant,Breakfast,63,3,66,1231.44
2015-12-24,The Terrace Restaurant,Lunch,1,27,28,587.54
2015-12-24,The Terrace Restaurant,Dinner,14,12,26,986.1
2015-12-24,Lobby Bar,Evening,10,9,19,294.35
2015-12-24,In-Room Dining,All Day,1,0,1,29.7
2015-12-25,The Terrace Restaurant,Breakfast,93,5,98,1469.64
2015-12-25,The Terrace Restaurant,Lunch,2,17,19,477.57
2015-12-25,The Terrace Restaurant,Dinner,8,37,45,1968.8
2015-12-25,Lobby Bar,Evening,14,38,52,792.52
2015-12-25,In-Room Dining,All Day,2,0,2,63.17
2015-12-25,Banquets & Events,Event,0,130,130,8200.39
2015-12-26,The Terrace Restaurant,Breakfast,152,5,157,2560.76
2015-12-26,The Terrace Restaurant,Lunch,13,21,34,859.63
2015-12-26,The Terrace Restaurant,Dinner,15,19,34,1361.37
2015-12-26,Lobby Bar,Evening,23,31,54,1062.84
2015-12-26,In-Room Dining,All Day,4,0,4,154.08
2015-12-26,Banquets & Events,Event,0,136,136,7209.51
2015-12-27,The Terrace Restaurant,Breakfast,207,4,211,3339.8
2015-12-27,The Terrace Restaurant,Lunch,11,21,32,751.81
2015-12-27,The Terrace Restaurant,Dinner,28,13,41,1710.93
2015-12-27,Lobby Bar,Evening,43,20,63,969.18
2015-12-27,In-Room Dining,All Day,9,0,9,294.37
2015-12-28,The Terrace Restaurant,Breakfast,256,3,259,3816.77
2015-12-28,The Terrace Restaurant,Lunch,9,19,28,709.1
2015-12-28,The Terrace Restaurant,Dinner,42,9,51,1999.48
2015-12-28,Lobby Bar,Evening,42,15,57,1048.44
2015-12-28,In-Room Dining,All Day,11,0,11,325.35
2015-12-29,The Terrace Restaurant,Breakfast,300,1,301,4604.73
2015-12-29,The Terrace Restaurant,Lunch,18,24,42,925.33
2015-12-29,The Terrace Restaurant,Dinner,51,17,68,3231.8
2015-12-29,Lobby Bar,Evening,41,12,53,945.37
2015-12-29,In-Room Dining,All Day,7,0,7,209.21
2015-12-30,The Terrace Restaurant,Breakfast,326,3,329,4779.04
2015-12-30,The Terrace Restaurant,Lunch,11,14,25,612.4
2015-12-30,The Terrace Restaurant,Dinner,43,24,67,3028.66
2015-12-30,Lobby Bar,Evening,51,12,63,1080.21
2015-12-30,In-Room Dining,All Day,10,0,10,318.2
2015-12-31,The Terrace Restaurant,Breakfast,328,5,333,5167.23
2015-12-31,The Terrace Restaurant,Lunch,13,22,35,813.14
2015-12-31,The Terrace Restaurant,Dinner,56,17,73,3487.78
2015-12-31,Lobby Bar,Evening,53,16,69,1126.57
2015-12-31,In-Room Dining,All Day,18,0,18,531.98
2016-01-01,The Terrace Restaurant,Breakfast,270,0,270,4510.17
2016-01-01,The Terrace Restaurant,Lunch,14,20,34,1017.62
2016-01-01,The Terrace Restaurant,Dinner,43,19,62,2631.12
2016-01-01,Lobby Bar,Evening,55,19,74,1367.44
2016-01-01,In-Room Dining,All Day,17,0,17,520.18
2016-01-02,The Terrace Restaurant,Breakfast,228,4,232,3885.8
2016-01-02,The Terrace Restaurant,Lunch,18,16,34,817.24
2016-01-02,The Terrace Restaurant,Dinner,89,26,115,4946.1
2016-01-02,Lobby Bar,Evening,38,18,56,925.48
2016-01-02,In-Room Dining,All Day,5,0,5,175.93
2016-01-03,The Terrace Restaurant,Breakfast,172,1,173,2564.93
2016-01-03,The Terrace Restaurant,Lunch,13,18,31,583.07
2016-01-03,The Terrace Restaurant,Dinner,80,13,93,4146.21
2016-01-03,Lobby Bar,Evening,16,12,28,440.65
2016-01-03,In-Room Dining,All Day,3,0,3,83.46
2016-01-04,The Terrace Restaurant,Breakfast,174,4,178,2709.42
2016-01-04,The Terrace Restaurant,Lunch,17,24,41,1009.57
2016-01-04,The Terrace Restaurant,Dinner,87,14,101,4062.28
2016-01-04,Lobby Bar,Evening,37,11,48,854.11
2016-01-04,In-Room Dining,All Day,6,0,6,172.55
2016-01-05,The Terrace Restaurant,Breakfast,76,5,81,1369.58
2016-01-05,The Terrace Restaurant,Lunch,6,20,26,648.63
2016-01-05,The Terrace Restaurant,Dinner,12,14,26,1111.23
2016-01-05,Lobby Bar,Evening,15,14,29,530.25
2016-01-05,In-Room Dining,All Day,3,0,3,102.14
2016-01-05,Banquets & Events,Event,0,66,66,3591.94
2016-01-06,The Terrace Restaurant,Breakfast,76,3,79,1453.82
2016-01-06,The Terrace Restaurant,Lunch,5,19,24,545.98
2016-01-06,The Terrace Restaurant,Dinner,11,17,28,1236.58
2016-01-06,Lobby Bar,Evening,13,10,23,380.71
2016-01-06,In-Room Dining,All Day,5,0,5,167.13
2016-01-06,Banquets & Events,Event,0,157,157,7393.67
2016-01-07,The Terrace Restaurant,Breakfast,74,3,77,1139.04
2016-01-07,The Terrace Restaurant,Lunch,6,18,24,510.91
2016-01-07,The Terrace Restaurant,Dinner,11,8,19,931.04
2016-01-07,Lobby Bar,Evening,12,10,22,406.78
2016-01-07,In-Room Dining,All Day,4,0,4,111.01
2016-01-08,The Terrace Restaurant,Breakfast,60,8,68,1111.11
2016-01-08,The Terrace Restaurant,Lunch,5,8,13,288.16
2016-01-08,The Terrace Restaurant,Dinner,13,29,42,1996.35
2016-01-08,Lobby Bar,Evening,7,26,33,550.07
2016-01-08,In-Room Dining,All Day,4,0,4,130.31
2016-01-09,The Terrace Restaurant,Breakfast,66,5,71,1079.14
2016-01-09,The Terrace Restaurant,Lunch,10,20,30,745.72
2016-01-09,The Terrace Restaurant,Dinner,19,20,39,1721.54
2016-01-09,Lobby Bar,Evening,8,19,27,516.58
2016-01-09,In-Room Dining,All Day,3,0,3,83.15
2016-01-10,The Terrace Restaurant,Breakfast,61,2,63,1046.0
2016-01-10,The Terrace Restaurant,Lunch,7,19,26,667.09
2016-01-10,The Terrace Restaurant,Dinner,10,13,23,1044.75
2016-01-10,Lobby Bar,Evening,11,8,19,350.1
2016-01-10,In-Room Dining,All Day,3,0,3,97.23
2016-01-11,The Terrace Restaurant,Breakfast,53,3,56,925.37
2016-01-11,The Terrace Restaurant,Lunch,4,13,17,411.7
2016-01-11,The Terrace Restaurant,Dinner,7,10,17,790.93
2016-01-11,Lobby Bar,Evening,6,9,15,269.8
2016-01-11,In-Room Dining,All Day,0,0,0,0.0
2016-01-12,The Terrace Restaurant,Breakfast,59,4,63,1060.01
2016-01-12,The Terrace Restaurant,Lunch,2,12,14,344.31
2016-01-12,The Terrace Restaurant,Dinner,6,14,20,823.7
2016-01-12,Lobby Bar,Evening,13,16,29,564.03
2016-01-12,In-Room Dining,All Day,2,0,2,60.13
2016-01-13,The Terrace Restaurant,Breakfast,60,1,61,1051.6
2016-01-13,The Terrace Restaurant,Lunch,2,27,29,699.91
2016-01-13,The Terrace Restaurant,Dinner,3,14,17,795.07
2016-01-13,Lobby Bar,Evening,12,10,22,356.66
2016-01-13,In-Room Dining,All Day,0,0,0,0.0
2016-01-14,The Terrace Restaurant,Breakfast,84,1,85,1395.72
2016-01-14,The Terrace Restaurant,Lunch,4,22,26,660.29
2016-01-14,The Terrace Restaurant,Dinner,14,12,26,1128.31
2016-01-14,Lobby Bar,Evening,18,10,28,485.04
2016-01-14,In-Room Dining,All Day,7,0,7,189.99
2016-01-15,The Terrace Restaurant,Breakfast,111,5,116,2068.26
2016-01-15,The Terrace Restaurant,Lunch,8,11,19,478.74
2016-01-15,The Terrace Restaurant,Dinner,16,24,40,1632.3
2016-01-15,Lobby Bar,Evening,15,29,44,722.3
2016-01-15,In-Room Dining,All Day,2,0,2,61.16
2016-01-16,The Terrace Restaurant,Breakfast,120,4,124,1817.79
2016-01-16,The Terrace Restaurant,Lunch,3,15,18,410.11
2016-01-16,The Terrace Restaurant,Dinner,16,24,40,1861.14
2016-01-16,Lobby Bar,Evening,24,35,59,1105.93
2016-01-16,In-Room Dining,All Day,9,0,9,263.39
2016-01-17,The Terrace Restaurant,Breakfast,68,1,69,1038.55
2016-01-17,The Terrace Restaurant,Lunch,2,15,17,402.17
2016-01-17,The Terrace Restaurant,Dinner,8,14,22,1004.43
2016-01-17,Lobby Bar,Evening,11,9,20,318.74
2016-01-17,In-Room Dining,All Day,2,0,2,65.81
2016-01-17,Banquets & Events,Event,0,32,32,1832.85
2016-01-18,The Terrace Restaurant,Breakfast,65,3,68,1208.72
2016-01-18,The Terrace Restaurant,Lunch,1,17,18,440.54
2016-01-18,The Terrace Restaurant,Dinner,6,16,22,933.45
2016-01-18,Lobby Bar,Evening,5,14,19,310.75
2016-01-18,In-Room Dining,All Day,2,0,2,58.24
2016-01-19,The Terrace Restaurant,Breakfast,119,2,121,1823.41
2016-01-19,The Terrace Restaurant,Lunch,8,15,23,541.96
2016-01-19,The Terrace Restaurant,Dinner,14,13,27,1225.73
2016-01-19,Lobby Bar,Evening,16,9,25,435.3
2016-01-19,In-Room Dining,All Day,4,0,4,123.35
2016-01-20,The Terrace Restaurant,Breakfast,120,2,122,1742.14
2016-01-20,The Terrace Restaurant,Lunch,2,20,22,488.45
2016-01-20,The Terrace Restaurant,Dinner,12,13,25,934.05
2016-01-20,Lobby Bar,Evening,19,10,29,546.31
2016-01-20,In-Room Dining,All Day,2,0,2,55.97
2016-01-21,The Terrace Restaurant,Breakfast,108,0,108,1662.08
2016-01-21,The Terrace Restaurant,Lunch,7,14,21,473.81
2016-01-21,The Terrace Restaurant,Dinner,12,14,26,1158.56
2016-01-21,Lobby Bar,Evening,13,8,21,348.29
2016-01-21,In-Room Dining,All Day,5,0,5,151.96
2016-01-22,The Terrace Restaurant,Breakfast,82,7,89,1386.51
2016-01-22,The Terrace Restaurant,Lunch,5,12,17,415.68
2016-01-22,The Terrace Restaurant,Dinner,8,30,38,1648.21
2016-01-22,Lobby Bar,Evening,12,23,35,622.52
2016-01-22,In-Room Dining,All Day,2,0,2,60.42
2016-01-23,The Terrace Restaurant,Breakfast,94,1,95,1530.46
2016-01-23,The Terrace Restaurant,Lunch,4,14,18,461.94
2016-01-23,The Terrace Restaurant,Dinner,7,19,26,1020.1
2016-01-23,Lobby Bar,Evening,13,29,42,648.36
2016-01-23,In-Room Dining,All Day,6,0,6,179.93
2016-01-24,The Terrace Restaurant,Breakfast,70,1,71,980.07
2016-01-24,The Terrace Restaurant,Lunch,9,27,36,885.78
2016-01-24,The Terrace Restaurant,Dinner,7,8,15,634.12
2016-01-24,Lobby Bar,Evening,11,6,17,279.66
2016-01-24,In-Room Dining,All Day,3,0,3,95.38
2016-01-25,The Terrace Restaurant,Breakfast,124,1,125,2197.73
2016-01-25,The Terrace Restaurant,Lunch,2,12,14,324.88
2016-01-25,The Terrace Restaurant,Dinner,8,12,20,780.49
2016-01-25,Lobby Bar,Evening,17,5,22,326.17
2016-01-25,In-Room Dining,All Day,10,0,10,354.41
2016-01-26,The Terrace Restaurant,Breakfast,108,1,109,1711.76
2016-01-26,The Terrace Restaurant,Lunch,3,17,20,439.76
2016-01-26,The Terrace Restaurant,Dinner,13,11,24,1260.65
2016-01-26,Lobby Bar,Evening,17,8,25,416.7
2016-01-26,In-Room Dining,All Day,2,0,2,58.77
2016-01-27,The Terrace Restaurant,Breakfast,105,0,105,1531.94
2016-01-27,The Terrace Restaurant,Lunch,5,14,19,484.82
2016-01-27,The Terrace Restaurant,Dinner,12,9,21,845.92
2016-01-27,Lobby Bar,Evening,20,13,33,614.84
2016-01-27,In-Room Dining,All Day,6,0,6,187.01
2016-01-28,The Terrace Restaurant,Breakfast,96,1,97,1639.29
2016-01-28,The Terrace Restaurant,Lunch,7,16,23,465.0
2016-01-28,The Terrace Restaurant,Dinner,12,13,25,1064.12
2016-01-28,Lobby Bar,Evening,13,10,23,367.23
2016-01-28,In-Room Dining,All Day,5,0,5,147.2
2016-01-29,The Terrace Restaurant,Breakfast,97,6,103,1511.58
2016-01-29,The Terrace Restaurant,Lunch,3,15,18,490.78
2016-01-29,The Terrace Restaurant,Dinner,12,22,34,1585.08
2016-01-29,Lobby Bar,Evening,14,24,38,604.35
2016-01-29,In-Room Dining,All Day,4,0,4,112.85
2016-01-30,The Terrace Restaurant,Breakfast,109,4,113,1709.82
2016-01-30,The Terrace Restaurant,Lunch,3,8,11,282.91
2016-01-30,The Terrace Restaurant,Dinner,18,21,39,1600.96
2016-01-30,Lobby Bar,Evening,17,30,47,842.91
2016-01-30,In-Room Dining,All Day,6,0,6,188.54
2016-01-31,The Terrace Restaurant,Breakfast,89,3,92,1312.25
2016-01-31,The Terrace Restaurant,Lunch,7,15,22,500.8
2016-01-31,The Terrace Restaurant,Dinner,16,8,24,1106.26
2016-01-31,Lobby Bar,Evening,17,12,29,486.15
2016-01-31,In-Room Dining,All Day,3,0,3,91.88
2016-02-01,The Terrace Restaurant,Breakfast,71,3,74,1189.78
2016-02-01,The Terrace Restaurant,Lunch,4,15,19,436.24
2016-02-01,The Terrace Restaurant,Dinner,9,11,20,940.95
2016-02-01,Lobby Bar,Evening,12,13,25,433.33
2016-02-01,In-Room Dining,All Day,1,0,1,29.38
2016-02-01,Banquets & Events,Event,0,116,116,6620.86
2016-02-02,The Terrace Restaurant,Breakfast,56,2,58,916.32
2016-02-02,The Terrace Restaurant,Lunch,3,16,19,437.4
2016-02-02,The Terrace Restaurant,Dinner,14,16,30,1233.59
2016-02-02,Lobby Bar,Evening,9,7,16,255.35
2016-02-02,In-Room Dining,All Day,2,0,2,64.74
2016-02-03,The Terrace Restaurant,Breakfast,94,2,96,1557.0
2016-02-03,The Terrace Restaurant,Lunch,3,12,15,382.34
2016-02-03,The Terrace Restaurant,Dinner,6,15,21,926.21
2016-02-03,Lobby Bar,Evening,11,5,16,283.91
2016-02-03,In-Room Dining,All Day,5,0,5,147.45
2016-02-04,The Terrace Restaurant,Breakfast,117,2,119,1751.68
2016-02-04,The Terrace Restaurant,Lunch,7,14,21,544.73
2016-02-04,The Terrace Restaurant,Dinner,8,15,23,1040.32
2016-02-04,Lobby Bar,Evening,15,24,39,736.35
2016-02-04,In-Room Dining,All Day,6,0,6,170.98
2016-02-04,Banquets & Events,Event,0,98,98,5318.4
2016-02-05,The Terrace Restaurant,Breakfast,159,3,162,2893.61
2016-02-05,The Terrace Restaurant,Lunch,11,11,22,504.36
2016-02-05,The Terrace Restaurant,Dinner,22,16,38,1493.88
2016-02-05,Lobby Bar,Evening,33,31,64,988.98
2016-02-05,In-Room Dining,All Day,7,0,7,215.37
2016-02-06,The Terrace Restaurant,Breakfast,248,4,252,3574.93
2016-02-06,The Terrace Restaurant,Lunch,14,14,28,702.98
2016-02-06,The Terrace Restaurant,Dinner,38,31,69,2637.82
2016-02-06,Lobby Bar,Evening,43,22,65,1105.78
2016-02-06,In-Room Dining,All Day,10,0,10,337.83
2016-02-07,The Terrace Restaurant,Breakfast,231,0,231,4103.99
2016-02-07,The Terrace Restaurant,Lunch,18,17,35,876.46
2016-02-07,The Terrace Restaurant,Dinner,26,10,36,1634.34
2016-02-07,Lobby Bar,Evening,39,15,54,855.68
2016-02-07,In-Room Dining,All Day,11,0,11,320.48
2016-02-08,The Terrace Restaurant,Breakfast,276,1,277,4337.08
2016-02-08,The Terrace Restaurant,Lunch,9,25,34,764.39
2016-02-08,The Terrace Restaurant,Dinner,39,16,55,2348.47
2016-02-08,Lobby Bar,Evening,48,12,60,981.03
2016-02-08,In-Room Dining,All Day,10,0,10,318.5
2016-02-08,Banquets & Events,Event,0,82,82,3988.79
2016-02-09,The Terrace Restaurant,Breakfast,236,2,238,3735.04
2016-02-09,The Terrace Restaurant,Lunch,11,15,26,497.24
2016-02-09,The Terrace Restaurant,Dinner,25,9,34,1410.53
2016-02-09,Lobby Bar,Evening,35,12,47,698.4
2016-02-09,In-Room Dining,All Day,9,0,9,307.6
2016-02-10,The Terrace Restaurant,Breakfast,145,1,146,2253.14
2016-02-10,The Terrace Restaurant,Lunch,7,17,24,587.96
2016-02-10,The Terrace Restaurant,Dinner,12,16,28,1235.73
2016-02-10,Lobby Bar,Evening,26,12,38,644.52
2016-02-10,In-Room Dining,All Day,6,0,6,195.12
2016-02-10,Banquets & Events,Event,0,96,96,4825.11
2016-02-11,The Terrace Restaurant,Breakfast,152,1,153,2265.24
2016-02-11,The Terrace Restaurant,Lunch,4,16,20,501.83
2016-02-11,The Terrace Restaurant,Dinner,21,14,35,1665.85
2016-02-11,Lobby Bar,Evening,23,10,33,539.87
2016-02-11,In-Room Dining,All Day,9,0,9,273.42
2016-02-11,Banquets & Events,Event,0,147,147,8025.39
2016-02-12,The Terrace Restaurant,Breakfast,220,4,224,3164.09
2016-02-12,The Terrace Restaurant,Lunch,7,17,24,559.29
2016-02-12,The Terrace Restaurant,Dinner,40,20,60,2561.92
2016-02-12,Lobby Bar,Evening,34,20,54,972.06
2016-02-12,In-Room Dining,All Day,9,0,9,265.83
2016-02-13,The Terrace Restaurant,Breakfast,276,5,281,4666.78
2016-02-13,The Terrace Restaurant,Lunch,11,10,21,492.58
2016-02-13,The Terrace Restaurant,Dinner,43,25,68,2713.89
2016-02-13,Lobby Bar,Evening,55,23,78,1191.64
2016-02-13,In-Room Dining,All Day,8,0,8,238.76
2016-02-14,The Terrace Restaurant,Breakfast,206,3,209,3726.11
2016-02-14,The Terrace Restaurant,Lunch,10,18,28,663.14
2016-02-14,The Terrace Restaurant,Dinner,33,13,46,2243.92
2016-02-14,Lobby Bar,Evening,39,14,53,828.64
2016-02-14,In-Room Dining,All Day,9,0,9,282.81
2016-02-15,The Terrace Restaurant,Breakfast,177,2,179,3058.26
2016-02-15,The Terrace Restaurant,Lunch,4,17,21,416.98
2016-02-15,The Terrace Restaurant,Dinner,34,11,45,2047.2
2016-02-15,Lobby Bar,Evening,15,14,29,462.68
2016-02-15,In-Room Dining,All Day,9,0,9,249.0
2016-02-15,Banquets & Events,Event,0,89,89,5157.48
2016-02-16,The Terrace Restaurant,Breakfast,172,2,174,2646.59
2016-02-16,The Terrace Restaurant,Lunch,10,16,26,608.28
2016-02-16,The Terrace Restaurant,Dinner,33,10,43,2162.27
2016-02-16,Lobby Bar,Evening,27,6,33,572.57
2016-02-16,In-Room Dining,All Day,10,0,10,328.8
2016-02-17,The Terrace Restaurant,Breakfast,146,3,149,2183.66
2016-02-17,The Terrace Restaurant,Lunch,6,18,24,531.31
2016-02-17,The Terrace Restaurant,Dinner,26,15,41,1589.24
2016-02-17,Lobby Bar,Evening,29,9,38,609.77
2016-02-17,In-Room Dining,All Day,9,0,9,295.73
2016-02-18,The Terrace Restaurant,Breakfast,170,1,171,2572.13
2016-02-18,The Terrace Restaurant,Lunch,9,20,29,599.18
2016-02-18,The Terrace Restaurant,Dinner,30,12,42,1827.62
2016-02-18,Lobby Bar,Evening,23,11,34,567.08
2016-02-18,In-Room Dining,All Day,7,0,7,204.78
2016-02-19,The Terrace Restaurant,Breakfast,238,1,239,3936.07
2016-02-19,The Terrace Restaurant,Lunch,7,19,26,637.59
2016-02-19,The Terrace Restaurant,Dinner,33,30,63,2174.58
2016-02-19,Lobby Bar,Evening,34,18,52,909.34
2016-02-19,In-Room Dining,All Day,9,0,9,315.24
2016-02-20,The Terrace Restaurant,Breakfast,208,3,211,3462.01
2016-02-20,The Terrace Restaurant,Lunch,9,14,23,416.29
2016-02-20,The Terrace Restaurant,Dinner,19,23,42,1912.71
2016-02-20,Lobby Bar,Evening,29,22,51,877.32
2016-02-20,In-Room Dining,All Day,8,0,8,242.14
2016-02-21,The Terrace Restaurant,Breakfast,166,1,167,2723.32
2016-02-21,The Terrace Restaurant,Lunch,6,17,23,585.43
2016-02-21,The Terrace Restaurant,Dinner,25,14,39,1975.52
2016-02-21,Lobby Bar,Evening,28,12,40,710.32
2016-02-21,In-Room Dining,All Day,7,0,7,220.29
2016-02-22,The Terrace Restaurant,Breakfast,187,2,189,2862.88
2016-02-22,The Terrace Restaurant,Lunch,14,17,31,684.32
2016-02-22,The Terrace Restaurant,Dinner,23,5,28,1238.65
2016-02-22,Lobby Bar,Evening,26,9,35,569.31
2016-02-22,In-Room Dining,All Day,4,0,4,117.07
2016-02-23,The Terrace Restaurant,Breakfast,195,4,199,3571.05
2016-02-23,The Terrace Restaurant,Lunch,6,27,33,789.32
2016-02-23,The Terrace Restaurant,Dinner,25,13,38,1640.4
2016-02-23,Lobby Bar,Evening,25,11,36,581.6
2016-02-23,In-Room Dining,All Day,7,0,7,188.83
2016-02-24,The Terrace Restaurant,Breakfast,194,1,195,3188.76
2016-02-24,The Terrace Restaurant,Lunch,17,16,33,732.47
2016-02-24,The Terrace Restaurant,Dinner,36,17,53,2216.07
2016-02-24,Lobby Bar,Evening,30,15,45,753.07
2016-02-24,In-Room Dining,All Day,9,0,9,303.71
2016-02-25,The Terrace Restaurant,Breakfast,183,4,187,3165.61
2016-02-25,The Terrace Restaurant,Lunch,12,17,29,651.08
2016-02-25,The Terrace Restaurant,Dinner,34,19,53,2167.29
2016-02-25,Lobby Bar,Evening,33,6,39,517.37
2016-02-25,In-Room Dining,All Day,5,0,5,154.37
2016-02-26,The Terrace Restaurant,Breakfast,209,3,212,3312.82
2016-02-26,The Terrace Restaurant,Lunch,9,15,24,575.83
2016-02-26,The Terrace Restaurant,Dinner,39,25,64,2755.02
2016-02-26,Lobby Bar,Evening,37,31,68,1179.35
2016-02-26,In-Room Dining,All Day,10,0,10,279.49
2016-02-27,The Terrace Restaurant,Breakfast,240,5,245,3610.48
2016-02-27,The Terrace Restaurant,Lunch,14,11,25,614.45
2016-02-27,The Terrace Restaurant,Dinner,32,23,55,2625.17
2016-02-27,Lobby Bar,Evening,34,19,53,948.14
2016-02-27,In-Room Dining,All Day,8,0,8,262.19
2016-02-28,The Terrace Restaurant,Breakfast,184,3,187,3008.27
2016-02-28,The Terrace Restaurant,Lunch,11,20,31,861.92
2016-02-28,The Terrace Restaurant,Dinner,17,8,25,1091.53
2016-02-28,Lobby Bar,Evening,37,10,47,853.09
2016-02-28,In-Room Dining,All Day,11,0,11,329.38
2016-02-29,The Terrace Restaurant,Breakfast,157,2,159,2946.35
2016-02-29,The Terrace Restaurant,Lunch,9,16,25,603.22
2016-02-29,The Terrace Restaurant,Dinner,20,15,35,1249.56
2016-02-29,Lobby Bar,Evening,27,13,40,605.03
2016-02-29,In-Room Dining,All Day,2,0,2,58.67
2016-03-01,The Terrace Restaurant,Breakfast,197,2,199,2997.0
2016-03-01,The Terrace Restaurant,Lunch,8,19,27,668.92
2016-03-01,The Terrace Restaurant,Dinner,30,12,42,1841.61
2016-03-01,Lobby Bar,Evening,23,15,38,635.6
2016-03-01,In-Room Dining,All Day,11,0,11,292.93
2016-03-02,The Terrace Restaurant,Breakfast,217,4,221,3679.81
2016-03-02,The Terrace Restaurant,Lunch,10,23,33,770.93
2016-03-02,The Terrace Restaurant,Dinner,21,20,41,1608.91
2016-03-02,Lobby Bar,Evening,33,12,45,697.75
2016-03-02,In-Room Dining,All Day,9,0,9,285.07
2016-03-02,Banquets & Events,Event,0,152,152,8695.43
2016-03-03,The Terrace Restaurant,Breakfast,210,2,212,3367.5
2016-03-03,The Terrace Restaurant,Lunch,11,22,33,763.76
2016-03-03,The Terrace Restaurant,Dinner,37,17,54,2776.35
2016-03-03,Lobby Bar,Evening,28,14,42,708.58
2016-03-03,In-Room Dining,All Day,11,0,11,354.65
2016-03-04,The Terrace Restaurant,Breakfast,252,4,256,4367.3
2016-03-04,The Terrace Restaurant,Lunch,13,11,24,590.88
2016-03-04,The Terrace Restaurant,Dinner,30,27,57,2855.39
2016-03-04,Lobby Bar,Evening,49,27,76,1119.28
2016-03-04,In-Room Dining,All Day,5,0,5,143.18
2016-03-05,The Terrace Restaurant,Breakfast,262,5,267,4658.18
2016-03-05,The Terrace Restaurant,Lunch,15,11,26,628.0
2016-03-05,The Terrace Restaurant,Dinner,47,23,70,3234.39
2016-03-05,Lobby Bar,Evening,37,25,62,1019.47
2016-03-05,In-Room Dining,All Day,17,0,17,512.98
2016-03-06,The Terrace Restaurant,Breakfast,197,7,204,3315.13
2016-03-06,The Terrace Restaurant,Lunch,13,26,39,967.41
2016-03-06,The Terrace Restaurant,Dinner,37,20,57,2194.93
2016-03-06,Lobby Bar,Evening,30,14,44,794.72
2016-03-06,In-Room Dining,All Day,9,0,9,259.07
2016-03-07,The Terrace Restaurant,Breakfast,198,0,198,2764.87
2016-03-07,The Terrace Restaurant,Lunch,9,18,27,582.11
2016-03-07,The Terrace Restaurant,Dinner,52,15,67,2849.13
2016-03-07,Lobby Bar,Evening,32,15,47,749.35
2016-03-07,In-Room Dining,All Day,13,0,13,390.08
2016-03-08,The Terrace Restaurant,Breakfast,206,1,207,3298.03
2016-03-08,The Terrace Restaurant,Lunch,10,22,32,720.62
2016-03-08,The Terrace Restaurant,Dinner,44,10,54,2447.48
2016-03-08,Lobby Bar,Evening,40,16,56,875.13
2016-03-08,In-Room Dining,All Day,10,0,10,309.93
2016-03-09,The Terrace Restaurant,Breakfast,219,1,220,3514.97
2016-03-09,The Terrace Restaurant,Lunch,12,23,35,842.31
2016-03-09,The Terrace Restaurant,Dinner,31,20,51,2190.99
2016-03-09,Lobby Bar,Evening,34,13,47,801.5
2016-03-09,In-Room Dining,All Day,9,0,9,280.56
2016-03-09,Banquets & Events,Event,0,35,35,1805.03
2016-03-10,The Terrace Restaurant,Breakfast,236,0,236,3990.56
2016-03-10,The Terrace Restaurant,Lunch,9,13,22,467.33
2016-03-10,The Terrace Restaurant,Dinner,44,14,58,2551.76
2016-03-10,Lobby Bar,Evening,38,8,46,722.75
2016-03-10,In-Room Dining,All Day,6,0,6,172.94
2016-03-11,The Terrace Restaurant,Breakfast,239,5,244,3830.62
2016-03-11,The Terrace Restaurant,Lunch,16,10,26,653.23
2016-03-11,The Terrace Restaurant,Dinner,37,25,62,2417.53
2016-03-11,Lobby Bar,Evening,50,32,82,1423.38
2016-03-11,In-Room Dining,All Day,9,0,9,258.1
2016-03-12,The Terrace Restaurant,Breakfast,273,4,277,4367.44
2016-03-12,The Terrace Restaurant,Lunch,14,6,20,415.42
2016-03-12,The Terrace Restaurant,Dinner,43,32,75,3129.12
2016-03-12,Lobby Bar,Evening,50,31,81,1300.04
2016-03-12,In-Room Dining,All Day,12,0,12,339.28
2016-03-13,The Terrace Restaurant,Breakfast,268,3,271,5069.87
2016-03-13,The Terrace Restaurant,Lunch,15,22,37,840.47
2016-03-13,The Terrace Restaurant,Dinner,38,11,49,2262.34
2016-03-13,Lobby Bar,Evening,46,15,61,1045.83
2016-03-13,In-Room Dining,All Day,6,0,6,190.87
2016-03-14,The Terrace Restaurant,Breakfast,224,1,225,3536.75
2016-03-14,The Terrace Restaurant,Lunch,9,22,31,673.28
2016-03-14,The Terrace Restaurant,Dinner,37,18,55,2343.74
2016-03-14,Lobby Bar,Evening,39,15,54,885.9
2016-03-14,In-Room Dining,All Day,8,0,8,233.83
2016-03-14,Banquets & Events,Event,0,109,109,6476.88
2016-03-15,The Terrace Restaurant,Breakfast,226,5,231,3804.56
2016-03-15,The Terrace Restaurant,Lunch,18,29,47,1079.13
2016-03-15,The Terrace Restaurant,Dinner,44,17,61,2756.11
2016-03-15,Lobby Bar,Evening,48,21,69,1247.0
2016-03-15,In-Room Dining,All Day,13,0,13,437.01
2016-03-15,Banquets & Events,Event,0,142,142,10111.29
2016-03-16,The Terrace Restaurant,Breakfast,216,2,218,3137.62
2016-03-16,The Terrace Restaurant,Lunch,15,16,31,758.23
2016-03-16,The Terrace Restaurant,Dinner,41,15,56,2269.91
2016-03-16,Lobby Bar,Evening,37,13,50,798.79
2016-03-16,In-Room Dining,All Day,8,0,8,269.99
2016-03-17,The Terrace Restaurant,Breakfast,234,1,235,3627.62
2016-03-17,The Terrace Restaurant,Lunch,15,19,34,751.06
2016-03-17,The Terrace Restaurant,Dinner,36,19,55,2271.78
2016-03-17,Lobby Bar,Evening,43,9,52,891.24
2016-03-17,In-Room Dining,All Day,9,0,9,262.48
2016-03-17,Banquets & Events,Event,0,149,149,8491.01
2016-03-18,The Terrace Restaurant,Breakfast,250,6,256,3774.07
2016-03-18,The Terrace Restaurant,Lunch,11,22,33,790.33
2016-03-18,The Terrace Restaurant,Dinner,62,25,87,3360.5
2016-03-18,Lobby Bar,Evening,36,31,67,1186.98
2016-03-18,In-Room Dining,All Day,10,0,10,319.61
2016-03-19,The Terrace Restaurant,Breakfast,272,3,275,4798.26
2016-03-19,The Terrace Restaurant,Lunch,18,9,27,543.37
2016-03-19,The Terrace Restaurant,Dinner,53,40,93,4257.06
2016-03-19,Lobby Bar,Evening,45,26,71,1127.15
2016-03-19,In-Room Dining,All Day,2,0,2,66.31
2016-03-20,The Terrace Restaurant,Breakfast,329,2,331,5158.76
2016-03-20,The Terrace Restaurant,Lunch,18,17,35,961.95
2016-03-20,The Terrace Restaurant,Dinner,37,11,48,2263.62
2016-03-20,Lobby Bar,Evening,56,12,68,1269.3
2016-03-20,In-Room Dining,All Day,8,0,8,234.74
2016-03-21,The Terrace Restaurant,Breakfast,307,1,308,4822.54
2016-03-21,The Terrace Restaurant,Lunch,18,20,38,865.37
2016-03-21,The Terrace Restaurant,Dinner,36,13,49,2256.89
2016-03-21,Lobby Bar,Evening,60,18,78,1403.6
2016-03-21,In-Room Dining,All Day,16,0,16,496.2
2016-03-22,The Terrace Restaurant,Breakfast,287,5,292,5180.65
2016-03-22,The Terrace Restaurant,Lunch,17,23,40,940.13
2016-03-22,The Terrace Restaurant,Dinner,41,13,54,2245.87
2016-03-22,Lobby Bar,Evening,42,12,54,941.16
2016-03-22,In-Room Dining,All Day,18,0,18,603.48
2016-03-23,The Terrace Restaurant,Breakfast,302,1,303,4845.76
2016-03-23,The Terrace Restaurant,Lunch,21,18,39,1022.99
2016-03-23,The Terrace Restaurant,Dinner,42,13,55,2760.3
2016-03-23,Lobby Bar,Evening,63,11,74,1386.27
2016-03-23,In-Room Dining,All Day,12,0,12,398.76
2016-03-24,The Terrace Restaurant,Breakfast,364,4,368,6323.51
2016-03-24,The Terrace Restaurant,Lunch,25,28,53,1232.67
2016-03-24,The Terrace Restaurant,Dinner,52,18,70,2948.73
2016-03-24,Lobby Bar,Evening,57,13,70,1371.72
2016-03-24,In-Room Dining,All Day,9,0,9,257.0
2016-03-25,The Terrace Restaurant,Breakfast,362,3,365,5480.94
2016-03-25,The Terrace Restaurant,Lunch,19,7,26,586.94
2016-03-25,The Terrace Restaurant,Dinner,48,29,77,3503.39
2016-03-25,Lobby Bar,Evening,66,28,94,1400.99
2016-03-25,In-Room Dining,All Day,10,0,10,299.9
2016-03-26,The Terrace Restaurant,Breakfast,344,5,349,4954.15
2016-03-26,The Terrace Restaurant,Lunch,17,9,26,654.46
2016-03-26,The Terrace Restaurant,Dinner,31,35,66,2622.38
2016-03-26,Lobby Bar,Evening,51,31,82,1585.18
2016-03-26,In-Room Dining,All Day,12,0,12,382.04
2016-03-27,The Terrace Restaurant,Breakfast,271,4,275,4196.12
2016-03-27,The Terrace Restaurant,Lunch,19,24,43,1237.51
2016-03-27,The Terrace Restaurant,Dinner,57,9,66,2875.11
2016-03-27,Lobby Bar,Evening,41,6,47,793.72
2016-03-27,In-Room Dining,All Day,12,0,12,357.88
2016-03-28,The Terrace Restaurant,Breakfast,279,2,281,4552.81
2016-03-28,The Terrace Restaurant,Lunch,9,23,32,792.15
2016-03-28,The Terrace Restaurant,Dinner,59,21,80,3601.34
2016-03-28,Lobby Bar,Evening,37,14,51,893.25
2016-03-28,In-Room Dining,All Day,10,0,10,278.72
2016-03-29,The Terrace Restaurant,Breakfast,289,1,290,4600.2
2016-03-29,The Terrace Restaurant,Lunch,17,25,42,1212.42
2016-03-29,The Terrace Restaurant,Dinner,67,12,79,3817.71
2016-03-29,Lobby Bar,Evening,55,20,75,1343.75
2016-03-29,In-Room Dining,All Day,10,0,10,260.5
2016-03-30,The Terrace Restaurant,Breakfast,301,1,302,5058.07
2016-03-30,The Terrace Restaurant,Lunch,16,24,40,1094.38
2016-03-30,The Terrace Restaurant,Dinner,44,20,64,2457.13
2016-03-30,Lobby Bar,Evening,55,17,72,1207.11
2016-03-30,In-Room Dining,All Day,8,0,8,241.41
2016-03-31,The Terrace Restaurant,Breakfast,308,5,313,5019.32
2016-03-31,The Terrace Restaurant,Lunch,17,13,30,625.2
2016-03-31,The Terrace Restaurant,Dinner,41,11,52,2218.49
2016-03-31,Lobby Bar,Evening,53,12,65,1025.79
2016-03-31,In-Room Dining,All Day,10,0,10,301.28
2016-04-01,The Terrace Restaurant,Breakfast,295,4,299,4791.77
2016-04-01,The Terrace Restaurant,Lunch,14,13,27,670.33
2016-04-01,The Terrace Restaurant,Dinner,49,33,82,3838.12
2016-04-01,Lobby Bar,Evening,49,33,82,1521.96
2016-04-01,In-Room Dining,All Day,15,0,15,384.74
2016-04-02,The Terrace Restaurant,Breakfast,273,2,275,3772.83
2016-04-02,The Terrace Restaurant,Lunch,16,11,27,678.25
2016-04-02,The Terrace Restaurant,Dinner,47,31,78,3396.36
2016-04-02,Lobby Bar,Evening,41,31,72,1140.98
2016-04-02,In-Room Dining,All Day,6,0,6,190.79
2016-04-02,Banquets & Events,Event,0,151,151,10125.49
2016-04-03,The Terrace Restaurant,Breakfast,231,0,231,3735.18
2016-04-03,The Terrace Restaurant,Lunch,15,23,38,922.91
2016-04-03,The Terrace Restaurant,Dinner,34,11,45,1998.49
2016-04-03,Lobby Bar,Evening,38,18,56,834.91
2016-04-03,In-Room Dining,All Day,8,0,8,237.73
2016-04-03,Banquets & Events,Event,0,48,48,2768.64
2016-04-04,The Terrace Restaurant,Breakfast,257,2,259,4516.94
2016-04-04,The Terrace Restaurant,Lunch,11,20,31,729.17
2016-04-04,The Terrace Restaurant,Dinner,48,15,63,2462.84
2016-04-04,Lobby Bar,Evening,37,5,42,681.88
2016-04-04,In-Room Dining,All Day,12,0,12,428.31
2016-04-05,The Terrace Restaurant,Breakfast,242,1,243,3804.32
2016-04-05,The Terrace Restaurant,Lunch,14,20,34,802.67
2016-04-05,The Terrace Restaurant,Dinner,49,19,68,2898.36
2016-04-05,Lobby Bar,Evening,42,18,60,953.8
2016-04-05,In-Room Dining,All Day,11,0,11,287.02
2016-04-06,The Terrace Restaurant,Breakfast,326,3,329,5870.02
2016-04-06,The Terrace Restaurant,Lunch,15,25,40,1003.75
2016-04-06,The Terrace Restaurant,Dinner,151,18,169,8112.3
2016-04-06,Lobby Bar,Evening,59,9,68,1200.63
2016-04-06,In-Room Dining,All Day,7,0,7,188.37
2016-04-07,The Terrace Restaurant,Breakfast,233,0,233,3734.7
2016-04-07,The Terrace Restaurant,Lunch,9,13,22,500.67
2016-04-07,The Terrace Restaurant,Dinner,52,12,64,3018.12
2016-04-07,Lobby Bar,Evening,39,14,53,882.89
2016-04-07,In-Room Dining,All Day,18,0,18,559.15
2016-04-08,The Terrace Restaurant,Breakfast,249,1,250,3895.07
2016-04-08,The Terrace Restaurant,Lunch,25,16,41,994.66
2016-04-08,The Terrace Restaurant,Dinner,27,31,58,2698.31
2016-04-08,Lobby Bar,Evening,41,22,63,1097.9
2016-04-08,In-Room Dining,All Day,14,0,14,438.78
2016-04-09,The Terrace Restaurant,Breakfast,293,4,297,5092.54
2016-04-09,The Terrace Restaurant,Lunch,10,20,30,718.84
2016-04-09,The Terrace Restaurant,Dinner,52,38,90,4037.73
2016-04-09,Lobby Bar,Evening,43,21,64,846.14
2016-04-09,In-Room Dining,All Day,9,0,9,238.3
2016-04-10,The Terrace Restaurant,Breakfast,271,3,274,4533.68
2016-04-10,The Terrace Restaurant,Lunch,16,17,33,841.46
2016-04-10,The Terrace Restaurant,Dinner,57,15,72,2965.72
2016-04-10,Lobby Bar,Evening,50,23,73,1258.5
2016-04-10,In-Room Dining,All Day,10,0,10,308.75
2016-04-11,The Terrace Restaurant,Breakfast,288,2,290,5196.21
2016-04-11,The Terrace Restaurant,Lunch,13,16,29,687.02
2016-04-11,The Terrace Restaurant,Dinner,43,13,56,2273.55
2016-04-11,Lobby Bar,Evening,51,9,60,907.17
2016-04-11,In-Room Dining,All Day,13,0,13,401.28
2016-04-12,The Terrace Restaurant,Breakfast,289,2,291,4673.5
2016-04-12,The Terrace Restaurant,Lunch,22,26,48,1012.73
2016-04-12,The Terrace Restaurant,Dinner,53,18,71,2798.23
2016-04-12,Lobby Bar,Evening,54,14,68,952.34
2016-04-12,In-Room Dining,All Day,14,0,14,490.23
2016-04-13,The Terrace Restaurant,Breakfast,325,5,330,4712.13
2016-04-13,The Terrace Restaurant,Lunch,19,29,48,1232.81
2016-04-13,The Terrace Restaurant,Dinner,67,21,88,3501.2
2016-04-13,Lobby Bar,Evening,46,11,57,887.45
2016-04-13,In-Room Dining,All Day,13,0,13,438.5
2016-04-13,Banquets & Events,Event,0,127,127,6432.21
2016-04-14,The Terrace Restaurant,Breakfast,272,2,274,4609.86
2016-04-14,The Terrace Restaurant,Lunch,17,18,35,767.16
2016-04-14,The Terrace Restaurant,Dinner,41,12,53,1848.3
2016-04-14,Lobby Bar,Evening,38,14,52,826.55
2016-04-14,In-Room Dining,All Day,11,0,11,350.88
2016-04-15,The Terrace Restaurant,Breakfast,268,5,273,4186.69
2016-04-15,The Terrace Restaurant,Lunch,12,26,38,908.78
2016-04-15,The Terrace Restaurant,Dinner,32,30,62,2795.09
2016-04-15,Lobby Bar,Evening,57,21,78,1249.51
2016-04-15,In-Room Dining,All Day,16,0,16,487.5
2016-04-15,Banquets & Events,Event,0,88,88,5033.08
2016-04-16,The Terrace Restaurant,Breakfast,291,1,292,5418.95
2016-04-16,The Terrace Restaurant,Lunch,14,17,31,726.96
2016-04-16,The Terrace Restaurant,Dinner,35,36,71,3071.31
2016-04-16,Lobby Bar,Evening,52,30,82,1275.94
2016-04-16,In-Room Dining,All Day,11,0,11,337.28
2016-04-17,The Terrace Restaurant,Breakfast,280,4,284,3794.96
2016-04-17,The Terrace Restaurant,Lunch,13,23,36,819.65
2016-04-17,The Terrace Restaurant,Dinner,31,22,53,2022.15
2016-04-17,Lobby Bar,Evening,42,23,65,1048.73
2016-04-17,In-Room Dining,All Day,12,0,12,357.79
2016-04-18,The Terrace Restaurant,Breakfast,289,2,291,3968.0
2016-04-18,The Terrace Restaurant,Lunch,13,29,42,1027.7
2016-04-18,The Terrace Restaurant,Dinner,52,16,68,2900.77
2016-04-18,Lobby Bar,Evening,38,17,55,974.82
2016-04-18,In-Room Dining,All Day,15,0,15,448.05
2016-04-19,The Terrace Restaurant,Breakfast,257,4,261,4224.5
2016-04-19,The Terrace Restaurant,Lunch,14,17,31,827.97
2016-04-19,The Terrace Restaurant,Dinner,37,17,54,2352.79
2016-04-19,Lobby Bar,Evening,35,17,52,937.83
2016-04-19,In-Room Dining,All Day,9,0,9,278.81
2016-04-20,The Terrace Restaurant,Breakfast,326,4,330,5267.32
2016-04-20,The Terrace Restaurant,Lunch,25,18,43,1032.85
2016-04-20,The Terrace Restaurant,Dinner,71,18,89,3841.54
2016-04-20,Lobby Bar,Evening,48,19,67,1242.5
2016-04-20,In-Room Dining,All Day,4,0,4,119.19
2016-04-20,Banquets & Events,Event,0,121,121,7593.46
2016-04-21,The Terrace Restaurant,Breakfast,321,1,322,5041.69
2016-04-21,The Terrace Restaurant,Lunch,17,33,50,1221.07
2016-04-21,The Terrace Restaurant,Dinner,76,19,95,3991.7
2016-04-21,Lobby Bar,Evening,54,9,63,1167.94
2016-04-21,In-Room Dining,All Day,9,0,9,274.48
2016-04-22,The Terrace Restaurant,Breakfast,323,9,332,5431.77
2016-04-22,The Terrace Restaurant,Lunch,18,15,33,796.7
2016-04-22,The Terrace Restaurant,Dinner,45,27,72,2877.75
2016-04-22,Lobby Bar,Evening,46,33,79,1227.01
2016-04-22,In-Room Dining,All Day,16,0,16,579.23
2016-04-23,The Terrace Restaurant,Breakfast,351,2,353,5781.91
2016-04-23,The Terrace Restaurant,Lunch,17,12,29,692.55
2016-04-23,The Terrace Restaurant,Dinner,41,27,68,3235.03
2016-04-23,Lobby Bar,Evening,48,29,77,1116.77
2016-04-23,In-Room Dining,All Day,19,0,19,524.81
2016-04-24,The Terrace Restaurant,Breakfast,304,2,306,5361.45
2016-04-24,The Terrace Restaurant,Lunch,19,17,36,864.62
2016-04-24,The Terrace Restaurant,Dinner,44,16,60,2462.46
2016-04-24,Lobby Bar,Evening,45,12,57,971.69
2016-04-24,In-Room Dining,All Day,7,0,7,210.99
2016-04-25,The Terrace Restaurant,Breakfast,285,1,286,4411.1
2016-04-25,The Terrace Restaurant,Lunch,15,23,38,883.52
2016-04-25,The Terrace Restaurant,Dinner,39,10,49,2143.88
2016-04-25,Lobby Bar,Evening,29,20,49,816.12
2016-04-25,In-Room Dining,All Day,10,0,10,278.58
2016-04-26,The Terrace Restaurant,Breakfast,314,6,320,4854.43
2016-04-26,The Terrace Restaurant,Lunch,18,22,40,883.02
2016-04-26,The Terrace Restaurant,Dinner,83,18,101,4393.34
2016-04-26,Lobby Bar,Evening,42,20,62,1049.87
2016-04-26,In-Room Dining,All Day,14,0,14,467.49
2016-04-27,The Terrace Restaurant,Breakfast,278,1,279,5013.42
2016-04-27,The Terrace Restaurant,Lunch,13,17,30,782.95
2016-04-27,The Terrace Restaurant,Dinner,52,11,63,3046.8
2016-04-27,Lobby Bar,Evening,48,9,57,1082.43
2016-04-27,In-Room Dining,All Day,9,0,9,286.04
2016-04-28,The Terrace Restaurant,Breakfast,306,0,306,4999.96
2016-04-28,The Terrace Restaurant,Lunch,18,24,42,1086.21
2016-04-28,The Terrace Restaurant,Dinner,48,18,66,2937.95
2016-04-28,Lobby Bar,Evening,46,18,64,1102.25
2016-04-28,In-Room Dining,All Day,16,0,16,427.0
2016-04-29,The Terrace Restaurant,Breakfast,328,3,331,6026.38
2016-04-29,The Terrace Restaurant,Lunch,19,16,35,838.1
2016-04-29,The Terrace Restaurant,Dinner,29,39,68,2519.81
2016-04-29,Lobby Bar,Evening,51,35,86,1608.33
2016-04-29,In-Room Dining,All Day,17,0,17,645.05
2016-04-30,The Terrace Restaurant,Breakfast,330,3,333,5035.2
2016-04-30,The Terrace Restaurant,Lunch,19,21,40,848.21
2016-04-30,The Terrace Restaurant,Dinner,40,39,79,3685.34
2016-04-30,Lobby Bar,Evening,64,37,101,1843.29
2016-04-30,In-Room Dining,All Day,11,0,11,375.67
2016-05-01,The Terrace Restaurant,Breakfast,272,2,274,4301.83
2016-05-01,The Terrace Restaurant,Lunch,14,26,40,1012.18
2016-05-01,The Terrace Restaurant,Dinner,29,19,48,2397.2
2016-05-01,Lobby Bar,Evening,48,14,62,1106.97
2016-05-01,In-Room Dining,All Day,10,0,10,298.76
2016-05-02,The Terrace Restaurant,Breakfast,294,3,297,4279.67
2016-05-02,The Terrace Restaurant,Lunch,19,22,41,893.62
2016-05-02,The Terrace Restaurant,Dinner,33,11,44,2011.83
2016-05-02,Lobby Bar,Evening,46,15,61,983.32
2016-05-02,In-Room Dining,All Day,16,0,16,511.2
2016-05-03,The Terrace Restaurant,Breakfast,297,6,303,5096.88
2016-05-03,The Terrace Restaurant,Lunch,16,24,40,1007.9
2016-05-03,The Terrace Restaurant,Dinner,54,20,74,3272.64
2016-05-03,Lobby Bar,Evening,51,18,69,1162.26
2016-05-03,In-Room Dining,All Day,12,0,12,364.54
2016-05-03,Banquets & Events,Event,0,44,44,2494.57
2016-05-04,The Terrace Restaurant,Breakfast,294,7,301,4597.55
2016-05-04,The Terrace Restaurant,Lunch,14,17,31,697.2
2016-05-04,The Terrace Restaurant,Dinner,55,17,72,3516.46
2016-05-04,Lobby Bar,Evening,42,20,62,1219.85
2016-05-04,In-Room Dining,All Day,11,0,11,267.17
2016-05-05,The Terrace Restaurant,Breakfast,311,1,312,4628.22
2016-05-05,The Terrace Restaurant,Lunch,22,28,50,1138.33
2016-05-05,The Terrace Restaurant,Dinner,80,16,96,4823.06
2016-05-05,Lobby Bar,Evening,55,10,65,1177.43
2016-05-05,In-Room Dining,All Day,11,0,11,381.74
2016-05-05,Banquets & Events,Event,0,102,102,5483.39
2016-05-06,The Terrace Restaurant,Breakfast,334,5,339,4849.03
2016-05-06,The Terrace Restaurant,Lunch,16,13,29,668.71
2016-05-06,The Terrace Restaurant,Dinner,63,22,85,3795.13
2016-05-06,Lobby Bar,Evening,68,27,95,1609.01
2016-05-06,In-Room Dining,All Day,14,0,14,472.95
2016-05-06,Banquets & Events,Event,0,128,128,7334.29
2016-05-07,The Terrace Restaurant,Breakfast,325,11,336,4787.44
2016-05-07,The Terrace Restaurant,Lunch,19,19,38,950.31
2016-05-07,The Terrace Restaurant,Dinner,60,37,97,4505.64
2016-05-07,Lobby Bar,Evening,45,25,70,1236.54
2016-05-07,In-Room Dining,All Day,11,0,11,308.02
2016-05-08,The Terrace Restaurant,Breakfast,193,5,198,2872.04
2016-05-08,The Terrace Restaurant,Lunch,13,17,30,653.52
2016-05-08,The Terrace Restaurant,Dinner,26,18,44,1835.95
2016-05-08,Lobby Bar,Evening,38,16,54,944.12
2016-05-08,In-Room Dining,All Day,9,0,9,280.45
2016-05-09,The Terrace Restaurant,Breakfast,226,1,227,3809.7
2016-05-09,The Terrace Restaurant,Lunch,10,29,39,879.17
2016-05-09,The Terrace Restaurant,Dinner,32,21,53,2341.32
2016-05-09,Lobby Bar,Evening,38,10,48,775.76
2016-05-09,In-Room Dining,All Day,10,0,10,285.06
2016-05-10,The Terrace Restaurant,Breakfast,249,8,257,4116.73
2016-05-10,The Terrace Restaurant,Lunch,14,22,36,907.71
2016-05-10,The Terrace Restaurant,Dinner,63,17,80,3434.94
2016-05-10,Lobby Bar,Evening,38,12,50,882.52
2016-05-10,In-Room Dining,All Day,11,0,11,305.67
2016-05-11,The Terrace Restaurant,Breakfast,291,1,292,4915.36
2016-05-11,The Terrace Restaurant,Lunch,22,37,59,1547.27
2016-05-11,The Terrace Restaurant,Dinner,48,16,64,2816.24
2016-05-11,Lobby Bar,Evening,45,10,55,906.7
2016-05-11,In-Room Dining,All Day,8,0,8,251.22
2016-05-12,The Terrace Restaurant,Breakfast,297,5,302,4867.67
2016-05-12,The Terrace Restaurant,Lunch,19,24,43,943.93
2016-05-12,The Terrace Restaurant,Dinner,66,22,88,3884.15
2016-05-12,Lobby Bar,Evening,52,13,65,960.94
2016-05-12,In-Room Dining,All Day,15,0,15,456.19
2016-05-13,The Terrace Restaurant,Breakfast,314,1,315,5461.68
2016-05-13,The Terrace Restaurant,Lunch,15,17,32,753.87
2016-05-13,The Terrace Restaurant,Dinner,48,47,95,4033.6
2016-05-13,Lobby Bar,Evening,55,33,88,1512.31
2016-05-13,In-Room Dining,All Day,19,0,19,681.14
2016-05-14,The Terrace Restaurant,Breakfast,341,5,346,5451.36
2016-05-14,The Terrace Restaurant,Lunch,15,19,34,845.74
2016-05-14,The Terrace Restaurant,Dinner,47,40,87,4160.92
2016-05-14,Lobby Bar,Evening,73,24,97,1505.49
2016-05-14,In-Room Dining,All Day,14,0,14,395.38
2016-05-15,The Terrace Restaurant,Breakfast,341,1,342,5486.98
2016-05-15,The Terrace Restaurant,Lunch,19,28,47,1033.77
2016-05-15,The Terrace Restaurant,Dinner,39,25,64,2769.18
2016-05-15,Lobby Bar,Evening,57,14,71,1174.76
2016-05-15,In-Room Dining,All Day,11,0,11,301.32
2016-05-15,Banquets & Events,Event,0,57,57,3020.7
2016-05-16,The Terrace Restaurant,Breakfast,315,5,320,4874.08
2016-05-16,The Terrace Restaurant,Lunch,15,22,37,993.96
2016-05-16,The Terrace Restaurant,Dinner,35,7,42,2096.42
2016-05-16,Lobby Bar,Evening,58,18,76,1305.15
2016-05-16,In-Room Dining,All Day,9,0,9,230.96
2016-05-16,Banquets & Events,Event,0,50,50,2785.27
2016-05-17,The Terrace Restaurant,Breakfast,295,3,298,5517.39
2016-05-17,The Terrace Restaurant,Lunch,12,22,34,778.51
2016-05-17,The Terrace Restaurant,Dinner,56,17,73,3372.79
2016-05-17,Lobby Bar,Evening,47,20,67,941.81
2016-05-17,In-Room Dining,All Day,16,0,16,512.29
2016-05-18,The Terrace Restaurant,Breakfast,279,3,282,4182.69
2016-05-18,The Terrace Restaurant,Lunch,20,27,47,1115.81
2016-05-18,The Terrace Restaurant,Dinner,49,9,58,2543.4
2016-05-18,Lobby Bar,Evening,58,18,76,1274.36
2016-05-18,In-Room Dining,All Day,12,0,12,408.88
2016-05-19,The Terrace Restaurant,Breakfast,306,4,310,4570.35
2016-05-19,The Terrace Restaurant,Lunch,13,22,35,739.59
2016-05-19,The Terrace Restaurant,Dinner,59,24,83,3171.17
2016-05-19,Lobby Bar,Evening,39,19,58,997.67
2016-05-19,In-Room Dining,All Day,11,0,11,329.45
2016-05-20,The Terrace Restaurant,Breakfast,329,5,334,5253.81
2016-05-20,The Terrace Restaurant,Lunch,23,19,42,1086.46
2016-05-20,The Terrace Restaurant,Dinner,57,28,85,4279.05
2016-05-20,Lobby Bar,Evening,41,39,80,1396.74
2016-05-20,In-Room Dining,All Day,16,0,16,526.7
2016-05-21,The Terrace Restaurant,Breakfast,354,2,356,5473.44
2016-05-21,The Terrace Restaurant,Lunch,25,17,42,999.33
2016-05-21,The Terrace Restaurant,Dinner,67,36,103,4623.46
2016-05-21,Lobby Bar,Evening,55,25,80,1302.45
2016-05-21,In-Room Dining,All Day,19,0,19,636.86
2016-05-22,The Terrace Restaurant,Breakfast,311,4,315,4828.57
2016-05-22,The Terrace Restaurant,Lunch,11,25,36,843.26
2016-05-22,The Terrace Restaurant,Dinner,60,24,84,3437.19
2016-05-22,Lobby Bar,Evening,44,13,57,907.98
2016-05-22,In-Room Dining,All Day,5,0,5,139.34
2016-05-23,The Terrace Restaurant,Breakfast,245,3,248,4339.56
2016-05-23,The Terrace Restaurant,Lunch,11,31,42,984.64
2016-05-23,The Terrace Restaurant,Dinner,36,15,51,2042.65
2016-05-23,Lobby Bar,Evening,36,11,47,766.96
2016-05-23,In-Room Dining,All Day,13,0,13,387.71
2016-05-24,The Terrace Restaurant,Breakfast,242,1,243,4320.79
2016-05-24,The Terrace Restaurant,Lunch,18,27,45,1127.96
2016-05-24,The Terrace Restaurant,Dinner,38,16,54,2493.08
2016-05-24,Lobby Bar,Evening,42,14,56,840.73
2016-05-24,In-Room Dining,All Day,10,0,10,284.78
2016-05-25,The Terrace Restaurant,Breakfast,225,1,226,3486.57
2016-05-25,The Terrace Restaurant,Lunch,18,19,37,997.39
2016-05-25,The Terrace Restaurant,Dinner,40,16,56,2425.91
2016-05-25,Lobby Bar,Evening,38,22,60,1025.82
2016-05-25,In-Room Dining,All Day,11,0,11,324.66
2016-05-26,The Terrace Restaurant,Breakfast,318,0,318,4349.32
2016-05-26,The Terrace Restaurant,Lunch,35,28,63,1478.14
2016-05-26,The Terrace Restaurant,Dinner,37,20,57,2504.83
2016-05-26,Lobby Bar,Evening,54,15,69,932.78
2016-05-26,In-Room Dining,All Day,19,0,19,657.98
2016-05-27,The Terrace Restaurant,Breakfast,360,5,365,6464.2
2016-05-27,The Terrace Restaurant,Lunch,16,16,32,704.53
2016-05-27,The Terrace Restaurant,Dinner,33,38,71,3263.02
2016-05-27,Lobby Bar,Evening,54,29,83,1481.07
2016-05-27,In-Room Dining,All Day,20,0,20,614.8
2016-05-28,The Terrace Restaurant,Breakfast,352,6,358,6294.15
2016-05-28,The Terrace Restaurant,Lunch,9,22,31,771.55
2016-05-28,The Terrace Restaurant,Dinner,34,43,77,3013.9
2016-05-28,Lobby Bar,Evening,51,27,78,1241.87
2016-05-28,In-Room Dining,All Day,15,0,15,448.86
2016-05-29,The Terrace Restaurant,Breakfast,224,2,226,3726.49
2016-05-29,The Terrace Restaurant,Lunch,11,20,31,778.07
2016-05-29,The Terrace Restaurant,Dinner,28,16,44,2175.62
2016-05-29,Lobby Bar,Evening,35,13,48,785.27
2016-05-29,In-Room Dining,All Day,9,0,9,239.94
2016-05-30,The Terrace Restaurant,Breakfast,243,7,250,4432.38
2016-05-30,The Terrace Restaurant,Lunch,15,30,45,891.1
2016-05-30,The Terrace Restaurant,Dinner,27,16,43,1761.59
2016-05-30,Lobby Bar,Evening,28,16,44,748.46
2016-05-30,In-Room Dining,All Day,10,0,10,282.58
2016-05-31,The Terrace Restaurant,Breakfast,252,4,256,4045.46
2016-05-31,The Terrace Restaurant,Lunch,12,27,39,816.65
2016-05-31,The Terrace Restaurant,Dinner,24,14,38,1777.52
2016-05-31,Lobby Bar,Evening,49,16,65,1213.24
2016-05-31,In-Room Dining,All Day,12,0,12,341.56
2016-05-31,Banquets & Events,Event,0,98,98,4226.85
2016-06-01,The Terrace Restaurant,Breakfast,253,4,257,4428.58
2016-06-01,The Terrace Restaurant,Lunch,15,21,36,849.86
2016-06-01,The Terrace Restaurant,Dinner,47,20,67,2884.19
2016-06-01,Lobby Bar,Evening,36,15,51,716.34
2016-06-01,In-Room Dining,All Day,10,0,10,308.65
2016-06-02,The Terrace Restaurant,Breakfast,315,2,317,4579.57
2016-06-02,The Terrace Restaurant,Lunch,13,25,38,902.29
2016-06-02,The Terrace Restaurant,Dinner,43,17,60,2719.74
2016-06-02,Lobby Bar,Evening,53,14,67,1097.1
2016-06-02,In-Room Dining,All Day,7,0,7,227.32
2016-06-03,The Terrace Restaurant,Breakfast,334,5,339,5338.99
2016-06-03,The Terrace Restaurant,Lunch,19,12,31,709.06
2016-06-03,The Terrace Restaurant,Dinner,41,31,72,3287.39
2016-06-03,Lobby Bar,Evening,51,31,82,1477.99
2016-06-03,In-Room Dining,All Day,18,0,18,548.16
2016-06-04,The Terrace Restaurant,Breakfast,314,6,320,4055.23
2016-06-04,The Terrace Restaurant,Lunch,17,15,32,767.13
2016-06-04,The Terrace Restaurant,Dinner,43,37,80,3825.69
2016-06-04,Lobby Bar,Evening,52,22,74,1211.92
2016-06-04,In-Room Dining,All Day,14,0,14,400.23
2016-06-05,The Terrace Restaurant,Breakfast,221,5,226,3862.32
2016-06-05,The Terrace Restaurant,Lunch,12,19,31,734.05
2016-06-05,The Terrace Restaurant,Dinner,21,23,44,1873.26
2016-06-05,Lobby Bar,Evening,32,14,46,865.0
2016-06-05,In-Room Dining,All Day,10,0,10,303.68
2016-06-06,The Terrace Restaurant,Breakfast,272,3,275,4293.32
2016-06-06,The Terrace Restaurant,Lunch,21,23,44,1015.3
2016-06-06,The Terrace Restaurant,Dinner,109,22,131,5600.73
2016-06-06,Lobby Bar,Evening,36,18,54,1008.02
2016-06-06,In-Room Dining,All Day,11,0,11,378.5
2016-06-07,The Terrace Restaurant,Breakfast,248,2,250,3867.81
2016-06-07,The Terrace Restaurant,Lunch,13,21,34,874.85
2016-06-07,The Terrace Restaurant,Dinner,113,19,132,5746.3
2016-06-07,Lobby Bar,Evening,46,12,58,1083.33
2016-06-07,In-Room Dining,All Day,10,0,10,294.98
2016-06-07,Banquets & Events,Event,0,146,146,10382.79
2016-06-08,The Terrace Restaurant,Breakfast,213,2,215,3586.47
2016-06-08,The Terrace Restaurant,Lunch,9,16,25,527.07
2016-06-08,The Terrace Restaurant,Dinner,27,15,42,1679.72
2016-06-08,Lobby Bar,Evening,37,14,51,948.8
2016-06-08,In-Room Dining,All Day,9,0,9,293.59
2016-06-09,The Terrace Restaurant,Breakfast,229,3,232,3544.58
2016-06-09,The Terrace Restaurant,Lunch,13,35,48,1085.37
2016-06-09,The Terrace Restaurant,Dinner,33,22,55,2149.72
2016-06-09,Lobby Bar,Evening,46,21,67,1198.14
2016-06-09,In-Room Dining,All Day,9,0,9,272.47
2016-06-10,The Terrace Restaurant,Breakfast,297,1,298,4982.31
2016-06-10,The Terrace Restaurant,Lunch,14,17,31,770.17
2016-06-10,The Terrace Restaurant,Dinner,43,28,71,2831.68
2016-06-10,Lobby Bar,Evening,49,34,83,1181.64
2016-06-10,In-Room Dining,All Day,10,0,10,317.72
2016-06-11,The Terrace Restaurant,Breakfast,331,6,337,5631.0
2016-06-11,The Terrace Restaurant,Lunch,24,11,35,922.6
2016-06-11,The Terrace Restaurant,Dinner,33,33,66,3496.8
2016-06-11,Lobby Bar,Evening,45,24,69,1155.19
2016-06-11,In-Room Dining,All Day,16,0,16,486.68
2016-06-12,The Terrace Restaurant,Breakfast,247,8,255,3786.75
2016-06-12,The Terrace Restaurant,Lunch,9,30,39,1008.65
2016-06-12,The Terrace Restaurant,Dinner,34,18,52,2308.93
2016-06-12,Lobby Bar,Evening,35,18,53,952.53
2016-06-12,In-Room Dining,All Day,14,0,14,338.51
2016-06-13,The Terrace Restaurant,Breakfast,175,4,179,2820.37
2016-06-13,The Terrace Restaurant,Lunch,16,23,39,1094.91
2016-06-13,The Terrace Restaurant,Dinner,31,28,59,2323.52
2016-06-13,Lobby Bar,Evening,36,13,49,673.99
2016-06-13,In-Room Dining,All Day,8,0,8,233.06
2016-06-13,Banquets & Events,Event,0,94,94,5637.66
2016-06-14,The Terrace Restaurant,Breakfast,194,5,199,2994.93
2016-06-14,The Terrace Restaurant,Lunch,10,25,35,815.79
2016-06-14,The Terrace Restaurant,Dinner,34,19,53,2495.01
2016-06-14,Lobby Bar,Evening,34,14,48,862.49
2016-06-14,In-Room Dining,All Day,7,0,7,226.0
2016-06-15,The Terrace Restaurant,Breakfast,249,0,249,4468.76
2016-06-15,The Terrace Restaurant,Lunch,21,26,47,1184.09
2016-06-15,The Terrace Restaurant,Dinner,128,26,154,7670.63
2016-06-15,Lobby Bar,Evening,38,8,46,909.55
2016-06-15,In-Room Dining,All Day,5,0,5,165.49
2016-06-15,Banquets & Events,Event,0,138,138,7077.38
2016-06-16,The Terrace Restaurant,Breakfast,301,1,302,4769.32
2016-06-16,The Terrace Restaurant,Lunch,20,26,46,1044.62
2016-06-16,The Terrace Restaurant,Dinner,152,19,171,7311.94
2016-06-16,Lobby Bar,Evening,51,16,67,1297.19
2016-06-16,In-Room Dining,All Day,18,0,18,484.9
2016-06-17,The Terrace Restaurant,Breakfast,280,5,285,4507.96
2016-06-17,The Terrace Restaurant,Lunch,14,14,28,649.76
2016-06-17,The Terrace Restaurant,Dinner,70,34,104,4692.24
2016-06-17,Lobby Bar,Evening,57,31,88,1576.93
2016-06-17,In-Room Dining,All Day,16,0,16,409.0
2016-06-18,The Terrace Restaurant,Breakfast,307,4,311,5006.15
2016-06-18,The Terrace Restaurant,Lunch,19,12,31,846.95
2016-06-18,The Terrace Restaurant,Dinner,62,35,97,4390.24
2016-06-18,Lobby Bar,Evening,60,35,95,1567.49
2016-06-18,In-Room Dining,All Day,12,0,12,352.84
2016-06-19,The Terrace Restaurant,Breakfast,324,5,329,5784.65
2016-06-19,The Terrace Restaurant,Lunch,17,19,36,735.15
2016-06-19,The Terrace Restaurant,Dinner,46,15,61,2420.64
2016-06-19,Lobby Bar,Evening,52,17,69,1319.36
2016-06-19,In-Room Dining,All Day,8,0,8,277.74
2016-06-20,The Terrace Restaurant,Breakfast,298,4,302,5035.67
2016-06-20,The Terrace Restaurant,Lunch,13,35,48,1229.67
2016-06-20,The Terrace Restaurant,Dinner,58,24,82,3471.16
2016-06-20,Lobby Bar,Evening,57,14,71,1303.85
2016-06-20,In-Room Dining,All Day,9,0,9,298.69
2016-06-21,The Terrace Restaurant,Breakfast,299,5,304,4939.3
2016-06-21,The Terrace Restaurant,Lunch,17,22,39,960.6
2016-06-21,The Terrace Restaurant,Dinner,50,17,67,3452.62
2016-06-21,Lobby Bar,Evening,53,14,67,1364.99
2016-06-21,In-Room Dining,All Day,17,0,17,485.27
2016-06-22,The Terrace Restaurant,Breakfast,263,1,264,4378.45
2016-06-22,The Terrace Restaurant,Lunch,20,22,42,1091.34
2016-06-22,The Terrace Restaurant,Dinner,38,16,54,2274.38
2016-06-22,Lobby Bar,Evening,40,18,58,890.69
2016-06-22,In-Room Dining,All Day,10,0,10,308.78
2016-06-22,Banquets & Events,Event,0,98,98,5739.09
2016-06-23,The Terrace Restaurant,Breakfast,182,4,186,3155.81
2016-06-23,The Terrace Restaurant,Lunch,5,25,30,674.2
2016-06-23,The Terrace Restaurant,Dinner,20,20,40,1881.1
2016-06-23,Lobby Bar,Evening,28,17,45,706.14
2016-06-23,In-Room Dining,All Day,6,0,6,195.66
2016-06-24,The Terrace Restaurant,Breakfast,265,8,273,4523.11
2016-06-24,The Terrace Restaurant,Lunch,8,21,29,715.47
2016-06-24,The Terrace Restaurant,Dinner,111,25,136,6226.76
2016-06-24,Lobby Bar,Evening,35,30,65,1167.45
2016-06-24,In-Room Dining,All Day,17,0,17,572.42
2016-06-25,The Terrace Restaurant,Breakfast,261,8,269,4236.69
2016-06-25,The Terrace Restaurant,Lunch,13,17,30,744.09
2016-06-25,The Terrace Restaurant,Dinner,117,32,149,6660.92
2016-06-25,Lobby Bar,Evening,33,34,67,1239.78
2016-06-25,In-Room Dining,All Day,10,0,10,314.06
2016-06-26,The Terrace Restaurant,Breakfast,228,7,235,3714.38
2016-06-26,The Terrace Restaurant,Lunch,11,34,45,984.96
2016-06-26,The Terrace Restaurant,Dinner,32,22,54,2204.22
2016-06-26,Lobby Bar,Evening,41,19,60,909.34
2016-06-26,In-Room Dining,All Day,10,0,10,312.6
2016-06-26,Banquets & Events,Event,0,88,88,4949.13
2016-06-27,The Terrace Restaurant,Breakfast,268,3,271,4474.36
2016-06-27,The Terrace Restaurant,Lunch,20,27,47,1042.87
2016-06-27,The Terrace Restaurant,Dinner,33,13,46,2236.39
2016-06-27,Lobby Bar,Evening,35,15,50,852.42
2016-06-27,In-Room Dining,All Day,12,0,12,411.8
2016-06-28,The Terrace Restaurant,Breakfast,291,3,294,4588.44
2016-06-28,The Terrace Restaurant,Lunch,21,30,51,1203.01
2016-06-28,The Terrace Restaurant,Dinner,37,14,51,2328.18
2016-06-28,Lobby Bar,Evening,45,22,67,1132.36
2016-06-28,In-Room Dining,All Day,6,0,6,178.35
2016-06-28,Banquets & Events,Event,0,144,144,8720.65
2016-06-29,The Terrace Restaurant,Breakfast,322,5,327,5619.98
2016-06-29,The Terrace Restaurant,Lunch,24,18,42,1046.68
2016-06-29,The Terrace Restaurant,Dinner,49,16,65,2435.5
2016-06-29,Lobby Bar,Evening,58,17,75,1195.95
2016-06-29,In-Room Dining,All Day,18,0,18,504.95
2016-06-30,The Terrace Restaurant,Breakfast,320,2,322,4511.7
2016-06-30,The Terrace Restaurant,Lunch,27,22,49,1060.73
2016-06-30,The Terrace Restaurant,Dinner,57,20,77,3182.74
2016-06-30,Lobby Bar,Evening,38,12,50,793.98
2016-06-30,In-Room Dining,All Day,18,0,18,597.0
2016-07-01,The Terrace Restaurant,Breakfast,310,3,313,5562.47
2016-07-01,The Terrace Restaurant,Lunch,14,17,31,716.0
2016-07-01,The Terrace Restaurant,Dinner,41,24,65,2680.39
2016-07-01,Lobby Bar,Evening,47,29,76,1254.79
2016-07-01,In-Room Dining,All Day,15,0,15,456.6
2016-07-02,The Terrace Restaurant,Breakfast,295,6,301,5059.46
2016-07-02,The Terrace Restaurant,Lunch,13,19,32,665.8
2016-07-02,The Terrace Restaurant,Dinner,48,33,81,3513.19
2016-07-02,Lobby Bar,Evening,59,26,85,1471.87
2016-07-02,In-Room Dining,All Day,17,0,17,524.71
2016-07-03,The Terrace Restaurant,Breakfast,319,3,322,5080.71
2016-07-03,The Terrace Restaurant,Lunch,15,20,35,834.03
2016-07-03,The Terrace Restaurant,Dinner,50,19,69,3222.4
2016-07-03,Lobby Bar,Evening,58,11,69,1076.38
2016-07-03,In-Room Dining,All Day,12,0,12,363.72
2016-07-04,The Terrace Restaurant,Breakfast,332,3,335,5619.82
2016-07-04,The Terrace Restaurant,Lunch,28,18,46,1153.55
2016-07-04,The Terrace Restaurant,Dinner,57,18,75,3839.6
2016-07-04,Lobby Bar,Evening,59,18,77,1329.34
2016-07-04,In-Room Dining,All Day,17,0,17,530.57
2016-07-05,The Terrace Restaurant,Breakfast,330,2,332,5506.73
2016-07-05,The Terrace Restaurant,Lunch,13,20,33,854.39
2016-07-05,The Terrace Restaurant,Dinner,59,20,79,3394.8
2016-07-05,Lobby Bar,Evening,58,7,65,1050.49
2016-07-05,In-Room Dining,All Day,17,0,17,446.77
2016-07-06,The Terrace Restaurant,Breakfast,334,3,337,6061.07
2016-07-06,The Terrace Restaurant,Lunch,19,21,40,945.04
2016-07-06,The Terrace Restaurant,Dinner,51,21,72,3193.43
2016-07-06,Lobby Bar,Evening,59,19,78,1426.55
2016-07-06,In-Room Dining,All Day,17,0,17,494.5
2016-07-07,The Terrace Restaurant,Breakfast,313,2,315,5420.04
2016-07-07,The Terrace Restaurant,Lunch,19,16,35,901.49
2016-07-07,The Terrace Restaurant,Dinner,48,20,68,2820.62
2016-07-07,Lobby Bar,Evening,57,20,77,1113.91
2016-07-07,In-Room Dining,All Day,10,0,10,265.29
2016-07-08,The Terrace Restaurant,Breakfast,336,9,345,5156.17
2016-07-08,The Terrace Restaurant,Lunch,15,15,30,709.94
2016-07-08,The Terrace Restaurant,Dinner,44,32,76,3565.0
2016-07-08,Lobby Bar,Evening,75,36,111,1811.39
2016-07-08,In-Room Dining,All Day,19,0,19,593.5
2016-07-09,The Terrace Restaurant,Breakfast,350,4,354,5746.02
2016-07-09,The Terrace Restaurant,Lunch,22,11,33,750.68
2016-07-09,The Terrace Restaurant,Dinner,64,36,100,4709.87
2016-07-09,Lobby Bar,Evening,59,31,90,1497.09
2016-07-09,In-Room Dining,All Day,19,0,19,658.25
2016-07-10,The Terrace Restaurant,Breakfast,353,2,355,5991.04
2016-07-10,The Terrace Restaurant,Lunch,14,22,36,905.64
2016-07-10,The Terrace Restaurant,Dinner,81,14,95,4431.03
2016-07-10,Lobby Bar,Evening,57,16,73,958.02
2016-07-10,In-Room Dining,All Day,9,0,9,248.8
2016-07-11,The Terrace Restaurant,Breakfast,374,3,377,5760.77
2016-07-11,The Terrace Restaurant,Lunch,17,20,37,866.83
2016-07-11,The Terrace Restaurant,Dinner,61,26,87,3726.63
2016-07-11,Lobby Bar,Evening,67,11,78,1326.98
2016-07-11,In-Room Dining,All Day,16,0,16,472.11
2016-07-12,The Terrace Restaurant,Breakfast,370,4,374,5629.82
2016-07-12,The Terrace Restaurant,Lunch,19,23,42,1121.19
2016-07-12,The Terrace Restaurant,Dinner,64,14,78,3694.51
2016-07-12,Lobby Bar,Evening,64,14,78,1323.57
2016-07-12,In-Room Dining,All Day,9,0,9,275.73
2016-07-13,The Terrace Restaurant,Breakfast,401,2,403,6452.18
2016-07-13,The Terrace Restaurant,Lunch,19,21,40,988.24
2016-07-13,The Terrace Restaurant,Dinner,91,17,108,4569.56
2016-07-13,Lobby Bar,Evening,52,21,73,1381.79
2016-07-13,In-Room Dining,All Day,15,0,15,505.59
2016-07-13,Banquets & Events,Event,0,46,46,2592.93
2016-07-14,The Terrace Restaurant,Breakfast,394,7,401,5824.96
2016-07-14,The Terrace Restaurant,Lunch,13,21,34,844.62
2016-07-14,The Terrace Restaurant,Dinner,82,13,95,4297.24
2016-07-14,Lobby Bar,Evening,53,9,62,1092.51
2016-07-14,In-Room Dining,All Day,9,0,9,296.12
2016-07-15,The Terrace Restaurant,Breakfast,367,11,378,5441.59
2016-07-15,The Terrace Restaurant,Lunch,12,9,21,520.93
2016-07-15,The Terrace Restaurant,Dinner,81,28,109,5064.39
2016-07-15,Lobby Bar,Evening,71,21,92,1418.44
2016-07-15,In-Room Dining,All Day,17,0,17,478.22
2016-07-15,Banquets & Events,Event,0,68,68,3785.34
2016-07-16,The Terrace Restaurant,Breakfast,381,8,389,6956.23
2016-07-16,The Terrace Restaurant,Lunch,26,22,48,1103.59
2016-07-16,The Terrace Restaurant,Dinner,92,28,120,4796.02
2016-07-16,Lobby Bar,Evening,67,35,102,1661.74
2016-07-16,In-Room Dining,All Day,14,0,14,484.22
2016-07-17,The Terrace Restaurant,Breakfast,355,1,356,5081.02
2016-07-17,The Terrace Restaurant,Lunch,20,22,42,1002.24
2016-07-17,The Terrace Restaurant,Dinner,77,16,93,3912.35
2016-07-17,Lobby Bar,Evening,50,17,67,1192.15
2016-07-17,In-Room Dining,All Day,11,0,11,365.28
2016-07-18,The Terrace Restaurant,Breakfast,358,4,362,6255.04
2016-07-18,The Terrace Restaurant,Lunch,20,29,49,1249.42
2016-07-18,The Terrace Restaurant,Dinner,59,27,86,3956.6
2016-07-18,Lobby Bar,Evening,57,9,66,1177.03
2016-07-18,In-Room Dining,All Day,15,0,15,476.61
2016-07-19,The Terrace Restaurant,Breakfast,348,3,351,5169.65
2016-07-19,The Terrace Restaurant,Lunch,12,26,38,792.28
2016-07-19,The Terrace Restaurant,Dinner,62,15,77,3692.22
2016-07-19,Lobby Bar,Evening,66,11,77,1429.67
2016-07-19,In-Room Dining,All Day,18,0,18,600.6
2016-07-20,The Terrace Restaurant,Breakfast,319,1,320,5545.16
2016-07-20,The Terrace Restaurant,Lunch,14,26,40,987.96
2016-07-20,The Terrace Restaurant,Dinner,54,10,64,2516.21
2016-07-20,Lobby Bar,Evening,43,15,58,816.09
2016-07-20,In-Room Dining,All Day,10,0,10,319.09
2016-07-21,The Terrace Restaurant,Breakfast,364,3,367,6541.78
2016-07-21,The Terrace Restaurant,Lunch,20,22,42,878.82
2016-07-21,The Terrace Restaurant,Dinner,135,11,146,6475.79
2016-07-21,Lobby Bar,Evening,50,13,63,982.82
2016-07-21,In-Room Dining,All Day,8,0,8,261.0
2016-07-22,The Terrace Restaurant,Breakfast,347,5,352,5868.61
2016-07-22,The Terrace Restaurant,Lunch,26,13,39,939.73
2016-07-22,The Terrace Restaurant,Dinner,140,31,171,8585.4
2016-07-22,Lobby Bar,Evening,64,27,91,1616.48
2016-07-22,In-Room Dining,All Day,17,0,17,478.37
2016-07-23,The Terrace Restaurant,Breakfast,372,6,378,6266.71
2016-07-23,The Terrace Restaurant,Lunch,25,21,46,1093.45
2016-07-23,The Terrace Restaurant,Dinner,50,18,68,3208.56
2016-07-23,Lobby Bar,Evening,70,29,99,1326.02
2016-07-23,In-Room Dining,All Day,10,0,10,336.28
2016-07-24,The Terrace Restaurant,Breakfast,333,3,336,5254.24
2016-07-24,The Terrace Restaurant,Lunch,14,32,46,1053.05
2016-07-24,The Terrace Restaurant,Dinner,63,18,81,3870.84
2016-07-24,Lobby Bar,Evening,57,11,68,1151.61
2016-07-24,In-Room Dining,All Day,15,0,15,482.03
2016-07-25,The Terrace Restaurant,Breakfast,389,2,391,6197.16
2016-07-25,The Terrace Restaurant,Lunch,22,23,45,1053.8
2016-07-25,The Terrace Restaurant,Dinner,62,18,80,3500.25
2016-07-25,Lobby Bar,Evening,69,15,84,1474.75
2016-07-25,In-Room Dining,All Day,9,0,9,278.27
2016-07-26,The Terrace Restaurant,Breakfast,396,3,399,6186.92
2016-07-26,The Terrace Restaurant,Lunch,20,21,41,1024.99
2016-07-26,The Terrace Restaurant,Dinner,77,14,91,4029.94
2016-07-26,Lobby Bar,Evening,59,10,69,1217.01
2016-07-26,In-Room Dining,All Day,15,0,15,451.08
2016-07-27,The Terrace Restaurant,Breakfast,381,1,382,6081.78
2016-07-27,The Terrace Restaurant,Lunch,25,24,49,1019.1
2016-07-27,The Terrace Restaurant,Dinner,63,19,82,3206.19
2016-07-27,Lobby Bar,Evening,68,15,83,1302.59
2016-07-27,In-Room Dining,All Day,16,0,16,567.56
2016-07-27,Banquets & Events,Event,0,92,92,4626.44
2016-07-28,The Terrace Restaurant,Breakfast,370,2,372,6524.36
2016-07-28,The Terrace Restaurant,Lunch,20,18,38,1006.02
2016-07-28,The Terrace Restaurant,Dinner,49,20,69,2812.51
2016-07-28,Lobby Bar,Evening,63,17,80,1407.05
2016-07-28,In-Room Dining,All Day,15,0,15,538.45
2016-07-29,The Terrace Restaurant,Breakfast,325,4,329,4472.77
2016-07-29,The Terrace Restaurant,Lunch,28,21,49,1154.12
2016-07-29,The Terrace Restaurant,Dinner,50,32,82,3340.96
2016-07-29,Lobby Bar,Evening,59,20,79,1265.55
2016-07-29,In-Room Dining,All Day,15,0,15,466.55
2016-07-30,The Terrace Restaurant,Breakfast,371,10,381,6012.07
2016-07-30,The Terrace Restaurant,Lunch,13,12,25,607.67
2016-07-30,The Terrace Restaurant,Dinner,136,33,169,7027.85
2016-07-30,Lobby Bar,Evening,53,20,73,1275.7
2016-07-30,In-Room Dining,All Day,12,0,12,403.22
2016-07-31,The Terrace Restaurant,Breakfast,338,2,340,5373.11
2016-07-31,The Terrace Restaurant,Lunch,13,24,37,830.98
2016-07-31,The Terrace Restaurant,Dinner,133,17,150,6319.56
2016-07-31,Lobby Bar,Evening,53,11,64,1043.24
2016-07-31,In-Room Dining,All Day,22,0,22,773.52
2016-08-01,The Terrace Restaurant,Breakfast,332,3,335,5392.16
2016-08-01,The Terrace Restaurant,Lunch,13,14,27,590.08
2016-08-01,The Terrace Restaurant,Dinner,55,7,62,2667.29
2016-08-01,Lobby Bar,Evening,48,16,64,1100.7
2016-08-01,In-Room Dining,All Day,9,0,9,269.25
2016-08-02,The Terrace Restaurant,Breakfast,361,2,363,5500.12
2016-08-02,The Terrace Restaurant,Lunch,23,11,34,903.24
2016-08-02,The Terrace Restaurant,Dinner,54,16,70,3141.9
2016-08-02,Lobby Bar,Evening,60,13,73,1330.09
2016-08-02,In-Room Dining,All Day,17,0,17,538.13
2016-08-02,Banquets & Events,Event,0,34,34,1935.54
2016-08-03,The Terrace Restaurant,Breakfast,373,4,377,5567.6
2016-08-03,The Terrace Restaurant,Lunch,20,21,41,941.92
2016-08-03,The Terrace Restaurant,Dinner,65,18,83,4095.58
2016-08-03,Lobby Bar,Evening,59,14,73,1090.25
2016-08-03,In-Room Dining,All Day,13,0,13,370.71
2016-08-04,The Terrace Restaurant,Breakfast,403,3,406,6378.07
2016-08-04,The Terrace Restaurant,Lunch,15,25,40,901.69
2016-08-04,The Terrace Restaurant,Dinner,62,10,72,2868.85
2016-08-04,Lobby Bar,Evening,73,11,84,1452.55
2016-08-04,In-Room Dining,All Day,13,0,13,356.8
2016-08-04,Banquets & Events,Event,0,141,141,8676.33
2016-08-05,The Terrace Restaurant,Breakfast,378,5,383,6457.13
2016-08-05,The Terrace Restaurant,Lunch,20,14,34,922.42
2016-08-05,The Terrace Restaurant,Dinner,70,19,89,3475.48
2016-08-05,Lobby Bar,Evening,58,15,73,1257.75
2016-08-05,In-Room Dining,All Day,15,0,15,440.0
2016-08-06,The Terrace Restaurant,Breakfast,384,3,387,6256.42
2016-08-06,The Terrace Restaurant,Lunch,28,17,45,997.2
2016-08-06,The Terrace Restaurant,Dinner,55,23,78,3622.37
2016-08-06,Lobby Bar,Evening,54,23,77,1181.11
2016-08-06,In-Room Dining,All Day,13,0,13,402.67
2016-08-07,The Terrace Restaurant,Breakfast,335,2,337,6091.89
2016-08-07,The Terrace Restaurant,Lunch,12,15,27,680.89
2016-08-07,The Terrace Restaurant,Dinner,64,16,80,3650.43
2016-08-07,Lobby Bar,Evening,71,11,82,1222.02
2016-08-07,In-Room Dining,All Day,14,0,14,363.91
2016-08-07,Banquets & Events,Event,0,126,126,7944.07
2016-08-08,The Terrace Restaurant,Breakfast,369,3,372,5650.64
2016-08-08,The Terrace Restaurant,Lunch,23,12,35,729.33
2016-08-08,The Terrace Restaurant,Dinner,58,16,74,3409.31
2016-08-08,Lobby Bar,Evening,60,14,74,1270.4
2016-08-08,In-Room Dining,All Day,17,0,17,580.6
2016-08-09,The Terrace Restaurant,Breakfast,395,1,396,6210.63
2016-08-09,The Terrace Restaurant,Lunch,17,21,38,877.31
2016-08-09,The Terrace Restaurant,Dinner,66,16,82,3993.36
2016-08-09,Lobby Bar,Evening,57,15,72,1280.09
2016-08-09,In-Room Dining,All Day,18,0,18,605.85
2016-08-10,The Terrace Restaurant,Breakfast,402,1,403,6432.89
2016-08-10,The Terrace Restaurant,Lunch,20,27,47,973.92
2016-08-10,The Terrace Restaurant,Dinner,52,14,66,2929.14
2016-08-10,Lobby Bar,Evening,70,15,85,1626.49
2016-08-10,In-Room Dining,All Day,7,0,7,193.96
2016-08-11,The Terrace Restaurant,Breakfast,392,3,395,6426.94
2016-08-11,The Terrace Restaurant,Lunch,19,22,41,998.96
2016-08-11,The Terrace Restaurant,Dinner,50,16,66,2904.67
2016-08-11,Lobby Bar,Evening,60,5,65,1106.01
2016-08-11,In-Room Dining,All Day,19,0,19,562.3
2016-08-12,The Terrace Restaurant,Breakfast,370,5,375,6354.18
2016-08-12,The Terrace Restaurant,Lunch,17,18,35,808.8
2016-08-12,The Terrace Restaurant,Dinner,84,27,111,4776.68
2016-08-12,Lobby Bar,Evening,63,28,91,1905.76
2016-08-12,In-Room Dining,All Day,17,0,17,503.62
2016-08-13,The Terrace Restaurant,Breakfast,390,5,395,6483.29
2016-08-13,The Terrace Restaurant,Lunch,16,19,35,878.92
2016-08-13,The Terrace Restaurant,Dinner,63,27,90,3791.84
2016-08-13,Lobby Bar,Evening,53,32,85,1475.2
2016-08-13,In-Room Dining,All Day,14,0,14,426.82
2016-08-14,The Terrace Restaurant,Breakfast,432,2,434,7410.3
2016-08-14,The Terrace Restaurant,Lunch,18,22,40,963.99
2016-08-14,The Terrace Restaurant,Dinner,67,16,83,3138.22
2016-08-14,Lobby Bar,Evening,62,11,73,1157.82
2016-08-14,In-Room Dining,All Day,12,0,12,335.72
2016-08-14,Banquets & Events,Event,0,103,103,4897.91
2016-08-15,The Terrace Restaurant,Breakfast,383,2,385,5568.06
2016-08-15,The Terrace Restaurant,Lunch,21,13,34,709.25
2016-08-15,The Terrace Restaurant,Dinner,65,15,80,3173.8
2016-08-15,Lobby Bar,Evening,64,10,74,947.73
2016-08-15,In-Room Dining,All Day,11,0,11,371.07
2016-08-16,The Terrace Restaurant,Breakfast,374,3,377,5803.09
2016-08-16,The Terrace Restaurant,Lunch,19,14,33,719.31
2016-08-16,The Terrace Restaurant,Dinner,81,14,95,4271.06
2016-08-16,Lobby Bar,Evening,86,14,100,1726.82
2016-08-16,In-Room Dining,All Day,18,0,18,583.71
2016-08-17,The Terrace Restaurant,Breakfast,375,2,377,6041.66
2016-08-17,The Terrace Restaurant,Lunch,23,21,44,942.71
2016-08-17,The Terrace Restaurant,Dinner,90,15,105,4704.04
2016-08-17,Lobby Bar,Evening,66,15,81,1346.88
2016-08-17,In-Room Dining,All Day,18,0,18,538.35
2016-08-18,The Terrace Restaurant,Breakfast,372,5,377,6439.71
2016-08-18,The Terrace Restaurant,Lunch,26,16,42,977.2
2016-08-18,The Terrace Restaurant,Dinner,143,10,153,7022.68
2016-08-18,Lobby Bar,Evening,54,15,69,1076.97
2016-08-18,In-Room Dining,All Day,10,0,10,318.65
2016-08-19,The Terrace Restaurant,Breakfast,362,2,364,5894.43
2016-08-19,The Terrace Restaurant,Lunch,25,15,40,1008.93
2016-08-19,The Terrace Restaurant,Dinner,175,32,207,9603.32
2016-08-19,Lobby Bar,Evening,56,31,87,1234.74
2016-08-19,In-Room Dining,All Day,13,0,13,451.62
2016-08-20,The Terrace Restaurant,Breakfast,364,3,367,5380.77
2016-08-20,The Terrace Restaurant,Lunch,14,8,22,501.6
2016-08-20,The Terrace Restaurant,Dinner,97,33,130,6212.46
2016-08-20,Lobby Bar,Evening,66,22,88,1449.63
2016-08-20,In-Room Dining,All Day,20,0,20,632.3
2016-08-20,Banquets & Events,Event,0,31,31,1772.09
2016-08-21,The Terrace Restaurant,Breakfast,359,4,363,6402.35
2016-08-21,The Terrace Restaurant,Lunch,19,20,39,984.28
2016-08-21,The Terrace Restaurant,Dinner,69,10,79,3694.74
2016-08-21,Lobby Bar,Evening,42,9,51,775.15
2016-08-21,In-Room Dining,All Day,18,0,18,570.65
2016-08-22,The Terrace Restaurant,Breakfast,369,1,370,6403.9
2016-08-22,The Terrace Restaurant,Lunch,17,14,31,639.04
2016-08-22,The Terrace Restaurant,Dinner,61,18,79,3764.41
2016-08-22,Lobby Bar,Evening,52,10,62,1043.06
2016-08-22,In-Room Dining,All Day,15,0,15,464.23
2016-08-23,The Terrace Restaurant,Breakfast,375,8,383,5820.57
2016-08-23,The Terrace Restaurant,Lunch,19,20,39,1020.22
2016-08-23,The Terrace Restaurant,Dinner,82,18,100,3881.76
2016-08-23,Lobby Bar,Evening,69,11,80,1443.74
2016-08-23,In-Room Dining,All Day,9,0,9,274.69
2016-08-23,Banquets & Events,Event,0,111,111,5653.31
2016-08-24,The Terrace Restaurant,Breakfast,346,6,352,4914.93
2016-08-24,The Terrace Restaurant,Lunch,17,19,36,905.44
2016-08-24,The Terrace Restaurant,Dinner,68,19,87,3612.51
2016-08-24,Lobby Bar,Evening,60,15,75,1326.44
2016-08-24,In-Room Dining,All Day,23,0,23,692.67
2016-08-25,The Terrace Restaurant,Breakfast,380,4,384,6637.32
2016-08-25,The Terrace Restaurant,Lunch,23,25,48,1077.39
2016-08-25,The Terrace Restaurant,Dinner,74,11,85,3471.41
2016-08-25,Lobby Bar,Evening,55,8,63,920.96
2016-08-25,In-Room Dining,All Day,16,0,16,396.37
2016-08-26,The Terrace Restaurant,Breakfast,360,6,366,5823.17
2016-08-26,The Terrace Restaurant,Lunch,16,10,26,617.42
2016-08-26,The Terrace Restaurant,Dinner,49,37,86,3613.12
2016-08-26,Lobby Bar,Evening,58,23,81,1335.0
2016-08-26,In-Room Dining,All Day,15,0,15,550.71
2016-08-27,The Terrace Restaurant,Breakfast,359,9,368,6264.86
2016-08-27,The Terrace Restaurant,Lunch,13,10,23,582.16
2016-08-27,The Terrace Restaurant,Dinner,56,23,79,3597.42
2016-08-27,Lobby Bar,Evening,52,25,77,1407.21
2016-08-27,In-Room Dining,All Day,15,0,15,472.25
2016-08-28,The Terrace Restaurant,Breakfast,357,2,359,5419.82
2016-08-28,The Terrace Restaurant,Lunch,27,21,48,1171.8
2016-08-28,The Terrace Restaurant,Dinner,63,20,83,3387.85
2016-08-28,Lobby Bar,Evening,58,13,71,1114.02
2016-08-28,In-Room Dining,All Day,16,0,16,487.54
2016-08-29,The Terrace Restaurant,Breakfast,350,3,353,5555.05
2016-08-29,The Terrace Restaurant,Lunch,22,15,37,852.5
2016-08-29,The Terrace Restaurant,Dinner,55,13,68,2973.18
2016-08-29,Lobby Bar,Evening,48,12,60,1015.54
2016-08-29,In-Room Dining,All Day,24,0,24,675.89
2016-08-30,The Terrace Restaurant,Breakfast,333,0,333,5222.99
2016-08-30,The Terrace Restaurant,Lunch,18,26,44,952.24
2016-08-30,The Terrace Restaurant,Dinner,47,10,57,2512.06
2016-08-30,Lobby Bar,Evening,46,10,56,948.14
2016-08-30,In-Room Dining,All Day,10,0,10,320.78
2016-08-31,The Terrace Restaurant,Breakfast,328,2,330,5707.81
2016-08-31,The Terrace Restaurant,Lunch,17,34,51,1297.27
2016-08-31,The Terrace Restaurant,Dinner,52,9,61,2180.01
2016-08-31,Lobby Bar,Evening,54,12,66,1287.95
2016-08-31,In-Room Dining,All Day,12,0,12,389.1
2016-09-01,The Terrace Restaurant,Breakfast,315,4,319,5279.0
2016-09-01,The Terrace Restaurant,Lunch,11,29,40,913.29
2016-09-01,The Terrace Restaurant,Dinner,59,20,79,3971.95
2016-09-01,Lobby Bar,Evening,51,21,72,1166.35
2016-09-01,In-Room Dining,All Day,16,0,16,547.47
2016-09-02,The Terrace Restaurant,Breakfast,310,9,319,5618.07
2016-09-02,The Terrace Restaurant,Lunch,19,15,34,867.88
2016-09-02,The Terrace Restaurant,Dinner,47,43,90,4317.03
2016-09-02,Lobby Bar,Evening,56,36,92,1559.58
2016-09-02,In-Room Dining,All Day,13,0,13,429.81
2016-09-03,The Terrace Restaurant,Breakfast,332,8,340,5131.86
2016-09-03,The Terrace Restaurant,Lunch,17,17,34,871.3
2016-09-03,The Terrace Restaurant,Dinner,80,22,102,5123.7
2016-09-03,Lobby Bar,Evening,55,30,85,1382.98
2016-09-03,In-Room Dining,All Day,8,0,8,243.55
2016-09-04,The Terrace Restaurant,Breakfast,309,5,314,5041.49
2016-09-04,The Terrace Restaurant,Lunch,13,25,38,941.21
2016-09-04,The Terrace Restaurant,Dinner,89,21,110,5085.11
2016-09-04,Lobby Bar,Evening,56,20,76,1245.36
2016-09-04,In-Room Dining,All Day,11,0,11,296.25
2016-09-05,The Terrace Restaurant,Breakfast,327,8,335,4686.61
2016-09-05,The Terrace Restaurant,Lunch,21,21,42,975.19
2016-09-05,The Terrace Restaurant,Dinner,73,20,93,4330.79
2016-09-05,Lobby Bar,Evening,43,19,62,1205.36
2016-09-05,In-Room Dining,All Day,11,0,11,323.66
2016-09-05,Banquets & Events,Event,0,150,150,9021.09
2016-09-06,The Terrace Restaurant,Breakfast,338,5,343,5193.4
2016-09-06,The Terrace Restaurant,Lunch,18,30,48,1109.5
2016-09-06,The Terrace Restaurant,Dinner,72,14,86,3564.8
2016-09-06,Lobby Bar,Evening,41,19,60,1000.33
2016-09-06,In-Room Dining,All Day,15,0,15,499.41
2016-09-07,The Terrace Restaurant,Breakfast,326,2,328,5206.39
2016-09-07,The Terrace Restaurant,Lunch,21,19,40,924.45
2016-09-07,The Terrace Restaurant,Dinner,84,18,102,4140.26
2016-09-07,Lobby Bar,Evening,43,14,57,972.49
2016-09-07,In-Room Dining,All Day,19,0,19,580.26
2016-09-07,Banquets & Events,Event,0,96,96,5124.08
2016-09-08,The Terrace Restaurant,Breakfast,332,2,334,5225.2
2016-09-08,The Terrace Restaurant,Lunch,20,19,39,1017.82
2016-09-08,The Terrace Restaurant,Dinner,84,20,104,3835.5
2016-09-08,Lobby Bar,Evening,55,14,69,1121.61
2016-09-08,In-Room Dining,All Day,12,0,12,374.98
2016-09-09,The Terrace Restaurant,Breakfast,312,5,317,4794.55
2016-09-09,The Terrace Restaurant,Lunch,24,21,45,1124.58
2016-09-09,The Terrace Restaurant,Dinner,74,40,114,5234.81
2016-09-09,Lobby Bar,Evening,57,29,86,1395.35
2016-09-09,In-Room Dining,All Day,15,0,15,438.35
2016-09-09,Banquets & Events,Event,0,136,136,5894.91
2016-09-10,The Terrace Restaurant,Breakfast,328,4,332,5372.19
2016-09-10,The Terrace Restaurant,Lunch,20,17,37,925.13
2016-09-10,The Terrace Restaurant,Dinner,84,30,114,4792.72
2016-09-10,Lobby Bar,Evening,52,34,86,1342.67
2016-09-10,In-Room Dining,All Day,16,0,16,498.41
2016-09-11,The Terrace Restaurant,Breakfast,309,2,311,4914.97
2016-09-11,The Terrace Restaurant,Lunch,17,23,40,873.05
2016-09-11,The Terrace Restaurant,Dinner,83,19,102,4837.39
2016-09-11,Lobby Bar,Evening,45,19,64,937.01
2016-09-11,In-Room Dining,All Day,14,0,14,422.82
2016-09-11,Banquets & Events,Event,0,42,42,2048.48
2016-09-12,The Terrace Restaurant,Breakfast,278,4,282,4456.96
2016-09-12,The Terrace Restaurant,Lunch,11,30,41,1066.97
2016-09-12,The Terrace Restaurant,Dinner,45,23,68,2814.4
2016-09-12,Lobby Bar,Evening,53,21,74,1282.98
2016-09-12,In-Room Dining,All Day,19,0,19,549.03
2016-09-13,The Terrace Restaurant,Breakfast,339,3,342,5835.93
2016-09-13,The Terrace Restaurant,Lunch,19,33,52,1440.5
2016-09-13,The Terrace Restaurant,Dinner,135,17,152,6374.33
2016-09-13,Lobby Bar,Evening,46,17,63,1165.59
2016-09-13,In-Room Dining,All Day,11,0,11,328.19
2016-09-14,The Terrace Restaurant,Breakfast,319,3,322,4995.09
2016-09-14,The Terrace Restaurant,Lunch,18,22,40,918.56
2016-09-14,The Terrace Restaurant,Dinner,122,17,139,5820.0
2016-09-14,Lobby Bar,Evening,61,15,76,1289.15
2016-09-14,In-Room Dining,All Day,18,0,18,581.71
2016-09-15,The Terrace Restaurant,Breakfast,271,4,275,4592.84
2016-09-15,The Terrace Restaurant,Lunch,12,24,36,934.09
2016-09-15,The Terrace Restaurant,Dinner,48,19,67,3134.67
2016-09-15,Lobby Bar,Evening,49,16,65,1066.53
2016-09-15,In-Room Dining,All Day,9,0,9,276.27
2016-09-16,The Terrace Restaurant,Breakfast,314,8,322,5059.06
2016-09-16,The Terrace Restaurant,Lunch,18,11,29,677.19
2016-09-16,The Terrace Restaurant,Dinner,79,40,119,5521.47
2016-09-16,Lobby Bar,Evening,64,31,95,1629.93
2016-09-16,In-Room Dining,All Day,15,0,15,415.54
2016-09-17,The Terrace Restaurant,Breakfast,307,5,312,5057.48
2016-09-17,The Terrace Restaurant,Lunch,29,17,46,1147.56
2016-09-17,The Terrace Restaurant,Dinner,84,34,118,4515.07
2016-09-17,Lobby Bar,Evening,52,27,79,1307.72
2016-09-17,In-Room Dining,All Day,17,0,17,559.16
2016-09-18,The Terrace Restaurant,Breakfast,287,4,291,4665.93
2016-09-18,The Terrace Restaurant,Lunch,22,16,38,877.43
2016-09-18,The Terrace Restaurant,Dinner,51,14,65,2895.47
2016-09-18,Lobby Bar,Evening,53,13,66,1143.51
2016-09-18,In-Room Dining,All Day,9,0,9,278.77
2016-09-19,The Terrace Restaurant,Breakfast,309,1,310,5127.84
2016-09-19,The Terrace Restaurant,Lunch,18,18,36,966.71
2016-09-19,The Terrace Restaurant,Dinner,49,17,66,2886.84
2016-09-19,Lobby Bar,Evening,43,14,57,1019.49
2016-09-19,In-Room Dining,All Day,11,0,11,350.59
2016-09-20,The Terrace Restaurant,Breakfast,321,2,323,3978.18
2016-09-20,The Terrace Restaurant,Lunch,13,16,29,622.89
2016-09-20,The Terrace Restaurant,Dinner,33,17,50,2473.87
2016-09-20,Lobby Bar,Evening,48,18,66,1061.18
2016-09-20,In-Room Dining,All Day,8,0,8,240.44
2016-09-20,Banquets & Events,Event,0,36,36,2005.29
2016-09-21,The Terrace Restaurant,Breakfast,328,0,328,5139.09
2016-09-21,The Terrace Restaurant,Lunch,21,19,40,1028.2
2016-09-21,The Terrace Restaurant,Dinner,91,25,116,5551.28
2016-09-21,Lobby Bar,Evening,40,18,58,1015.31
2016-09-21,In-Room Dining,All Day,14,0,14,453.72
2016-09-22,The Terrace Restaurant,Breakfast,323,4,327,4819.18
2016-09-22,The Terrace Restaurant,Lunch,21,15,36,835.46
2016-09-22,The Terrace Restaurant,Dinner,68,16,84,3913.13
2016-09-22,Lobby Bar,Evening,48,11,59,846.97
2016-09-22,In-Room Dining,All Day,8,0,8,243.38
2016-09-22,Banquets & Events,Event,0,76,76,4558.81
2016-09-23,The Terrace Restaurant,Breakfast,336,4,340,5161.0
2016-09-23,The Terrace Restaurant,Lunch,12,22,34,822.46
2016-09-23,The Terrace Restaurant,Dinner,64,23,87,4313.72
2016-09-23,Lobby Bar,Evening,55,34,89,1748.14
2016-09-23,In-Room Dining,All Day,8,0,8,201.26
2016-09-23,Banquets & Events,Event,0,45,45,2812.61
2016-09-24,The Terrace Restaurant,Breakfast,341,4,345,5094.25
2016-09-24,The Terrace Restaurant,Lunch,17,13,30,719.85
2016-09-24,The Terrace Restaurant,Dinner,75,32,107,4906.72
2016-09-24,Lobby Bar,Evening,56,27,83,1420.51
2016-09-24,In-Room Dining,All Day,14,0,14,443.4
2016-09-24,Banquets & Events,Event,0,76,76,3845.15
2016-09-25,The Terrace Restaurant,Breakfast,248,3,251,3830.47
2016-09-25,The Terrace Restaurant,Lunch,13,18,31,733.58
2016-09-25,The Terrace Restaurant,Dinner,26,19,45,1841.81
2016-09-25,Lobby Bar,Evening,52,15,67,1273.7
2016-09-25,In-Room Dining,All Day,9,0,9,291.98
2016-09-26,The Terrace Restaurant,Breakfast,295,9,304,4862.23
2016-09-26,The Terrace Restaurant,Lunch,8,20,28,596.59
2016-09-26,The Terrace Restaurant,Dinner,87,11,98,4924.2
2016-09-26,Lobby Bar,Evening,41,12,53,823.49
2016-09-26,In-Room Dining,All Day,12,0,12,462.17
2016-09-26,Banquets & Events,Event,0,47,47,2382.0
2016-09-27,The Terrace Restaurant,Breakfast,299,0,299,3604.15
2016-09-27,The Terrace Restaurant,Lunch,17,24,41,1069.54
2016-09-27,The Terrace Restaurant,Dinner,95,13,108,4858.53
2016-09-27,Lobby Bar,Evening,55,7,62,1022.54
2016-09-27,In-Room Dining,All Day,9,0,9,243.88
2016-09-27,Banquets & Events,Event,0,139,139,7800.15
2016-09-28,The Terrace Restaurant,Breakfast,310,5,315,5291.23
2016-09-28,The Terrace Restaurant,Lunch,18,29,47,1207.43
2016-09-28,The Terrace Restaurant,Dinner,133,9,142,6376.5
2016-09-28,Lobby Bar,Evening,50,13,63,993.92
2016-09-28,In-Room Dining,All Day,12,0,12,362.85
2016-09-29,The Terrace Restaurant,Breakfast,260,2,262,3636.05
2016-09-29,The Terrace Restaurant,Lunch,16,23,39,909.96
2016-09-29,The Terrace Restaurant,Dinner,73,21,94,4084.09
2016-09-29,Lobby Bar,Evening,41,14,55,831.87
2016-09-29,In-Room Dining,All Day,11,0,11,302.65
2016-09-29,Banquets & Events,Event,0,97,97,4894.29
2016-09-30,The Terrace Restaurant,Breakfast,313,6,319,4730.32
2016-09-30,The Terrace Restaurant,Lunch,19,21,40,856.49
2016-09-30,The Terrace Restaurant,Dinner,64,40,104,4876.39
2016-09-30,Lobby Bar,Evening,56,28,84,1391.85
2016-09-30,In-Room Dining,All Day,7,0,7,222.73
2016-09-30,Banquets & Events,Event,0,84,84,4580.57
2016-10-01,The Terrace Restaurant,Breakfast,312,1,313,4831.34
2016-10-01,The Terrace Restaurant,Lunch,22,15,37,858.02
2016-10-01,The Terrace Restaurant,Dinner,82,30,112,4473.13
2016-10-01,Lobby Bar,Evening,55,27,82,1479.21
2016-10-01,In-Room Dining,All Day,7,0,7,222.21
2016-10-02,The Terrace Restaurant,Breakfast,272,2,274,4270.37
2016-10-02,The Terrace Restaurant,Lunch,22,29,51,1436.24
2016-10-02,The Terrace Restaurant,Dinner,43,19,62,2750.95
2016-10-02,Lobby Bar,Evening,50,15,65,943.93
2016-10-02,In-Room Dining,All Day,16,0,16,484.09
2016-10-03,The Terrace Restaurant,Breakfast,315,3,318,5113.75
2016-10-03,The Terrace Restaurant,Lunch,16,19,35,862.2
2016-10-03,The Terrace Restaurant,Dinner,60,20,80,3482.34
2016-10-03,Lobby Bar,Evening,46,9,55,993.79
2016-10-03,In-Room Dining,All Day,16,0,16,531.59
2016-10-04,The Terrace Restaurant,Breakfast,310,4,314,4866.87
2016-10-04,The Terrace Restaurant,Lunch,12,29,41,896.04
2016-10-04,The Terrace Restaurant,Dinner,34,18,52,2174.36
2016-10-04,Lobby Bar,Evening,58,10,68,1028.75
2016-10-04,In-Room Dining,All Day,15,0,15,494.71
2016-10-05,The Terrace Restaurant,Breakfast,299,1,300,5163.87
2016-10-05,The Terrace Restaurant,Lunch,18,24,42,1022.22
2016-10-05,The Terrace Restaurant,Dinner,45,13,58,2913.25
2016-10-05,Lobby Bar,Evening,55,13,68,1222.98
2016-10-05,In-Room Dining,All Day,8,0,8,265.66
2016-10-05,Banquets & Events,Event,0,132,132,7118.28
2016-10-06,The Terrace Restaurant,Breakfast,329,1,330,4700.4
2016-10-06,The Terrace Restaurant,Lunch,17,19,36,801.54
2016-10-06,The Terrace Restaurant,Dinner,49,14,63,2561.11
2016-10-06,Lobby Bar,Evening,55,12,67,959.45
2016-10-06,In-Room Dining,All Day,11,0,11,355.36
2016-10-07,The Terrace Restaurant,Breakfast,320,8,328,4323.42
2016-10-07,The Terrace Restaurant,Lunch,17,11,28,752.52
2016-10-07,The Terrace Restaurant,Dinner,47,30,77,3413.26
2016-10-07,Lobby Bar,Evening,39,29,68,1148.94
2016-10-07,In-Room Dining,All Day,10,0,10,283.68
2016-10-08,The Terrace Restaurant,Breakfast,309,9,318,5710.51
2016-10-08,The Terrace Restaurant,Lunch,13,13,26,580.01
2016-10-08,The Terrace Restaurant,Dinner,36,37,73,3200.7
2016-10-08,Lobby Bar,Evening,48,30,78,1410.23
2016-10-08,In-Room Dining,All Day,14,0,14,354.41
2016-10-08,Banquets & Events,Event,0,158,158,7697.8
2016-10-09,The Terrace Restaurant,Breakfast,318,3,321,5635.13
2016-10-09,The Terrace Restaurant,Lunch,10,13,23,577.59
2016-10-09,The Terrace Restaurant,Dinner,39,23,62,2457.49
2016-10-09,Lobby Bar,Evening,50,16,66,1273.96
2016-10-09,In-Room Dining,All Day,10,0,10,305.84
2016-10-10,The Terrace Restaurant,Breakfast,277,4,281,4211.23
2016-10-10,The Terrace Restaurant,Lunch,16,35,51,1257.68
2016-10-10,The Terrace Restaurant,Dinner,37,16,53,2364.18
2016-10-10,Lobby Bar,Evening,42,13,55,971.22
2016-10-10,In-Room Dining,All Day,12,0,12,347.59
2016-10-10,Banquets & Events,Event,0,42,42,2301.86
2016-10-11,The Terrace Restaurant,Breakfast,256,1,257,4542.75
2016-10-11,The Terrace Restaurant,Lunch,15,25,40,964.49
2016-10-11,The Terrace Restaurant,Dinner,34,12,46,2022.38
2016-10-11,Lobby Bar,Evening,41,17,58,1071.41
2016-10-11,In-Room Dining,All Day,9,0,9,287.41
2016-10-12,The Terrace Restaurant,Breakfast,244,5,249,3719.38
2016-10-12,The Terrace Restaurant,Lunch,20,23,43,1140.92
2016-10-12,The Terrace Restaurant,Dinner,32,19,51,2376.13
2016-10-12,Lobby Bar,Evening,39,16,55,886.41
2016-10-12,In-Room Dining,All Day,9,0,9,304.62
2016-10-13,The Terrace Restaurant,Breakfast,241,4,245,4098.8
2016-10-13,The Terrace Restaurant,Lunch,15,29,44,1094.02
2016-10-13,The Terrace Restaurant,Dinner,32,20,52,2391.69
2016-10-13,Lobby Bar,Evening,40,12,52,915.02
2016-10-13,In-Room Dining,All Day,8,0,8,282.77
2016-10-14,The Terrace Restaurant,Breakfast,285,4,289,4152.9
2016-10-14,The Terrace Restaurant,Lunch,17,14,31,704.08
2016-10-14,The Terrace Restaurant,Dinner,131,33,164,7549.48
2016-10-14,Lobby Bar,Evening,59,28,87,1362.96
2016-10-14,In-Room Dining,All Day,14,0,14,437.66
2016-10-15,The Terrace Restaurant,Breakfast,312,2,314,5056.7
2016-10-15,The Terrace Restaurant,Lunch,14,25,39,1015.85
2016-10-15,The Terrace Restaurant,Dinner,123,28,151,5651.76
2016-10-15,Lobby Bar,Evening,56,31,87,1616.59
2016-10-15,In-Room Dining,All Day,17,0,17,521.66
2016-10-16,The Terrace Restaurant,Breakfast,247,3,250,3886.53
2016-10-16,The Terrace Restaurant,Lunch,16,26,42,957.43
2016-10-16,The Terrace Restaurant,Dinner,23,18,41,1830.0
2016-10-16,Lobby Bar,Evening,48,13,61,976.41
2016-10-16,In-Room Dining,All Day,9,0,9,325.1
2016-10-17,The Terrace Restaurant,Breakfast,297,4,301,5358.28
2016-10-17,The Terrace Restaurant,Lunch,26,29,55,1314.77
2016-10-17,The Terrace Restaurant,Dinner,47,17,64,2805.89
2016-10-17,Lobby Bar,Evening,51,9,60,974.05
2016-10-17,In-Room Dining,All Day,12,0,12,427.94
2016-10-18,The Terrace Restaurant,Breakfast,307,1,308,4613.75
2016-10-18,The Terrace Restaurant,Lunch,16,23,39,1057.36
2016-10-18,The Terrace Restaurant,Dinner,43,11,54,2250.04
2016-10-18,Lobby Bar,Evening,47,13,60,1060.72
2016-10-18,In-Room Dining,All Day,7,0,7,205.67
2016-10-19,The Terrace Restaurant,Breakfast,292,2,294,4585.28
2016-10-19,The Terrace Restaurant,Lunch,19,13,32,848.37
2016-10-19,The Terrace Restaurant,Dinner,47,13,60,2971.64
2016-10-19,Lobby Bar,Evening,56,16,72,1252.6
2016-10-19,In-Room Dining,All Day,12,0,12,323.63
2016-10-20,The Terrace Restaurant,Breakfast,309,2,311,4940.48
2016-10-20,The Terrace Restaurant,Lunch,17,26,43,1122.59
2016-10-20,The Terrace Restaurant,Dinner,39,18,57,2635.03
2016-10-20,Lobby Bar,Evening,53,10,63,1018.6
2016-10-20,In-Room Dining,All Day,18,0,18,520.23
2016-10-21,The Terrace Restaurant,Breakfast,309,6,315,5247.63
2016-10-21,The Terrace Restaurant,Lunch,19,11,30,701.92
2016-10-21,The Terrace Restaurant,Dinner,57,34,91,4083.5
2016-10-21,Lobby Bar,Evening,44,29,73,1202.52
2016-10-21,In-Room Dining,All Day,11,0,11,418.18
2016-10-22,The Terrace Restaurant,Breakfast,292,6,298,4304.52
2016-10-22,The Terrace Restaurant,Lunch,11,13,24,614.77
2016-10-22,The Terrace Restaurant,Dinner,60,34,94,4099.91
2016-10-22,Lobby Bar,Evening,52,27,79,1359.79
2016-10-22,In-Room Dining,All Day,18,0,18,521.41
2016-10-23,The Terrace Restaurant,Breakfast,338,3,341,5159.4
2016-10-23,The Terrace Restaurant,Lunch,22,23,45,1080.74
2016-10-23,The Terrace Restaurant,Dinner,153,12,165,7778.59
2016-10-23,Lobby Bar,Evening,54,11,65,1126.85
2016-10-23,In-Room Dining,All Day,18,0,18,578.61
2016-10-24,The Terrace Restaurant,Breakfast,366,3,369,6921.47
2016-10-24,The Terrace Restaurant,Lunch,18,25,43,1205.84
2016-10-24,The Terrace Restaurant,Dinner,157,15,172,7409.69
2016-10-24,Lobby Bar,Evening,59,12,71,1312.22
2016-10-24,In-Room Dining,All Day,15,0,15,551.53
2016-10-25,The Terrace Restaurant,Breakfast,327,2,329,4593.44
2016-10-25,The Terrace Restaurant,Lunch,17,19,36,880.84
2016-10-25,The Terrace Restaurant,Dinner,60,15,75,3226.28
2016-10-25,Lobby Bar,Evening,48,20,68,1103.48
2016-10-25,In-Room Dining,All Day,13,0,13,371.25
2016-10-26,The Terrace Restaurant,Breakfast,321,0,321,5161.92
2016-10-26,The Terrace Restaurant,Lunch,23,25,48,1092.25
2016-10-26,The Terrace Restaurant,Dinner,59,23,82,3771.32
2016-10-26,Lobby Bar,Evening,39,15,54,942.7
2016-10-26,In-Room Dining,All Day,13,0,13,423.44
2016-10-26,Banquets & Events,Event,0,143,143,8030.91
2016-10-27,The Terrace Restaurant,Breakfast,326,0,326,4875.16
2016-10-27,The Terrace Restaurant,Lunch,20,22,42,864.4
2016-10-27,The Terrace Restaurant,Dinner,69,17,86,3705.04
2016-10-27,Lobby Bar,Evening,46,10,56,940.93
2016-10-27,In-Room Dining,All Day,15,0,15,494.37
2016-10-28,The Terrace Restaurant,Breakfast,321,7,328,5653.29
2016-10-28,The Terrace Restaurant,Lunch,20,12,32,786.11
2016-10-28,The Terrace Restaurant,Dinner,47,25,72,3154.42
2016-10-28,Lobby Bar,Evening,58,35,93,1689.82
2016-10-28,In-Room Dining,All Day,18,0,18,684.02
2016-10-29,The Terrace Restaurant,Breakfast,302,5,307,4690.57
2016-10-29,The Terrace Restaurant,Lunch,19,11,30,659.0
2016-10-29,The Terrace Restaurant,Dinner,60,31,91,4038.46
2016-10-29,Lobby Bar,Evening,54,35,89,1457.31
2016-10-29,In-Room Dining,All Day,10,0,10,323.69
2016-10-30,The Terrace Restaurant,Breakfast,292,4,296,4476.46
2016-10-30,The Terrace Restaurant,Lunch,28,13,41,1045.72
2016-10-30,The Terrace Restaurant,Dinner,62,12,74,3446.32
2016-10-30,Lobby Bar,Evening,56,12,68,1112.77
2016-10-30,In-Room Dining,All Day,16,0,16,551.18
2016-10-31,The Terrace Restaurant,Breakfast,306,5,311,4503.52
2016-10-31,The Terrace Restaurant,Lunch,16,19,35,864.57
2016-10-31,The Terrace Restaurant,Dinner,62,17,79,3556.09
2016-10-31,Lobby Bar,Evening,67,10,77,1330.85
2016-10-31,In-Room Dining,All Day,13,0,13,398.31
2016-11-01,The Terrace Restaurant,Breakfast,283,4,287,4078.27
2016-11-01,The Terrace Restaurant,Lunch,18,20,38,925.01
2016-11-01,The Terrace Restaurant,Dinner,46,19,65,2748.99
2016-11-01,Lobby Bar,Evening,46,8,54,835.13
2016-11-01,In-Room Dining,All Day,15,0,15,416.7
2016-11-02,The Terrace Restaurant,Breakfast,260,3,263,3943.54
2016-11-02,The Terrace Restaurant,Lunch,12,24,36,863.57
2016-11-02,The Terrace Restaurant,Dinner,58,11,69,2566.68
2016-11-02,Lobby Bar,Evening,52,15,67,1045.89
2016-11-02,In-Room Dining,All Day,19,0,19,528.89
2016-11-03,The Terrace Restaurant,Breakfast,264,3,267,4301.17
2016-11-03,The Terrace Restaurant,Lunch,13,20,33,774.2
2016-11-03,The Terrace Restaurant,Dinner,46,13,59,2402.32
2016-11-03,Lobby Bar,Evening,52,10,62,987.58
2016-11-03,In-Room Dining,All Day,6,0,6,179.27
2016-11-04,The Terrace Restaurant,Breakfast,268,5,273,4228.1
2016-11-04,The Terrace Restaurant,Lunch,11,10,21,544.02
2016-11-04,The Terrace Restaurant,Dinner,38,21,59,2626.22
2016-11-04,Lobby Bar,Evening,45,23,68,1134.76
2016-11-04,In-Room Dining,All Day,18,0,18,539.02
2016-11-05,The Terrace Restaurant,Breakfast,239,3,242,3849.87
2016-11-05,The Terrace Restaurant,Lunch,18,10,28,652.07
2016-11-05,The Terrace Restaurant,Dinner,33,29,62,2540.88
2016-11-05,Lobby Bar,Evening,52,22,74,1267.96
2016-11-05,In-Room Dining,All Day,9,0,9,308.91
2016-11-06,The Terrace Restaurant,Breakfast,149,4,153,2513.7
2016-11-06,The Terrace Restaurant,Lunch,11,16,27,667.55
2016-11-06,The Terrace Restaurant,Dinner,30,12,42,1751.01
2016-11-06,Lobby Bar,Evening,25,14,39,669.39
2016-11-06,In-Room Dining,All Day,6,0,6,175.34
2016-11-07,The Terrace Restaurant,Breakfast,179,5,184,3033.22
2016-11-07,The Terrace Restaurant,Lunch,16,14,30,720.93
2016-11-07,The Terrace Restaurant,Dinner,29,12,41,1751.64
2016-11-07,Lobby Bar,Evening,35,15,50,793.95
2016-11-07,In-Room Dining,All Day,8,0,8,286.26
2016-11-08,The Terrace Restaurant,Breakfast,189,4,193,3312.38
2016-11-08,The Terrace Restaurant,Lunch,4,24,28,597.57
2016-11-08,The Terrace Restaurant,Dinner,24,12,36,1525.4
2016-11-08,Lobby Bar,Evening,50,11,61,1008.47
2016-11-08,In-Room Dining,All Day,5,0,5,157.93
2016-11-08,Banquets & Events,Event,0,128,128,7453.78
2016-11-09,The Terrace Restaurant,Breakfast,184,4,188,3136.58
2016-11-09,The Terrace Restaurant,Lunch,13,15,28,722.95
2016-11-09,The Terrace Restaurant,Dinner,23,20,43,1793.91
2016-11-09,Lobby Bar,Evening,31,10,41,763.05
2016-11-09,In-Room Dining,All Day,9,0,9,319.05
2016-11-10,The Terrace Restaurant,Breakfast,186,3,189,3045.76
2016-11-10,The Terrace Restaurant,Lunch,9,17,26,619.12
2016-11-10,The Terrace Restaurant,Dinner,28,15,43,2071.2
2016-11-10,Lobby Bar,Evening,38,11,49,844.9
2016-11-10,In-Room Dining,All Day,6,0,6,192.52
2016-11-11,The Terrace Restaurant,Breakfast,265,4,269,4242.86
2016-11-11,The Terrace Restaurant,Lunch,23,8,31,851.71
2016-11-11,The Terrace Restaurant,Dinner,35,24,59,2628.79
2016-11-11,Lobby Bar,Evening,48,26,74,1239.81
2016-11-11,In-Room Dining,All Day,15,0,15,430.29
2016-11-12,The Terrace Restaurant,Breakfast,264,5,269,4271.98
2016-11-12,The Terrace Restaurant,Lunch,15,17,32,809.74
2016-11-12,The Terrace Restaurant,Dinner,33,19,52,2255.58
2016-11-12,Lobby Bar,Evening,43,28,71,1249.46
2016-11-12,In-Room Dining,All Day,7,0,7,230.54
2016-11-12,Banquets & Events,Event,0,65,65,3502.2
2016-11-13,The Terrace Restaurant,Breakfast,246,4,250,3811.35
2016-11-13,The Terrace Restaurant,Lunch,12,22,34,707.55
2016-11-13,The Terrace Restaurant,Dinner,29,16,45,1937.69
2016-11-13,Lobby Bar,Evening,54,20,74,1339.7
2016-11-13,In-Room Dining,All Day,12,0,12,388.13
2016-11-14,The Terrace Restaurant,Breakfast,260,3,263,4028.71
2016-11-14,The Terrace Restaurant,Lunch,9,22,31,806.99
2016-11-14,The Terrace Restaurant,Dinner,28,17,45,2150.67
2016-11-14,Lobby Bar,Evening,39,8,47,796.94
2016-11-14,In-Room Dining,All Day,16,0,16,530.34
2016-11-15,The Terrace Restaurant,Breakfast,224,2,226,3418.67
2016-11-15,The Terrace Restaurant,Lunch,7,21,28,732.35
2016-11-15,The Terrace Restaurant,Dinner,30,21,51,2320.56
2016-11-15,Lobby Bar,Evening,33,13,46,786.22
2016-11-15,In-Room Dining,All Day,7,0,7,211.87
2016-11-16,The Terrace Restaurant,Breakfast,249,2,251,4147.67
2016-11-16,The Terrace Restaurant,Lunch,13,18,31,796.27
2016-11-16,The Terrace Restaurant,Dinner,33,9,42,1915.77
2016-11-16,Lobby Bar,Evening,33,17,50,941.15
2016-11-16,In-Room Dining,All Day,15,0,15,496.41
2016-11-17,The Terrace Restaurant,Breakfast,215,3,218,3427.23
2016-11-17,The Terrace Restaurant,Lunch,12,16,28,701.88
2016-11-17,The Terrace Restaurant,Dinner,25,17,42,1873.47
2016-11-17,Lobby Bar,Evening,35,13,48,770.58
2016-11-17,In-Room Dining,All Day,11,0,11,331.33
2016-11-18,The Terrace Restaurant,Breakfast,257,2,259,4586.42
2016-11-18,The Terrace Restaurant,Lunch,16,14,30,827.57
2016-11-18,The Terrace Restaurant,Dinner,41,31,72,3062.76
2016-11-18,Lobby Bar,Evening,56,25,81,1416.12
2016-11-18,In-Room Dining,All Day,9,0,9,263.35
2016-11-19,The Terrace Restaurant,Breakfast,269,6,275,4927.14
2016-11-19,The Terrace Restaurant,Lunch,19,17,36,844.17
2016-11-19,The Terrace Restaurant,Dinner,38,17,55,2263.63
2016-11-19,Lobby Bar,Evening,25,16,41,664.79
2016-11-19,In-Room Dining,All Day,9,0,9,241.6
2016-11-20,The Terrace Restaurant,Breakfast,204,3,207,3094.92
2016-11-20,The Terrace Restaurant,Lunch,11,26,37,797.04
2016-11-20,The Terrace Restaurant,Dinner,28,14,42,1999.33
2016-11-20,Lobby Bar,Evening,42,12,54,1069.86
2016-11-20,In-Room Dining,All Day,7,0,7,261.97
2016-11-20,Banquets & Events,Event,0,90,90,4387.01
2016-11-21,The Terrace Restaurant,Breakfast,223,3,226,3904.5
2016-11-21,The Terrace Restaurant,Lunch,8,18,26,709.92
2016-11-21,The Terrace Restaurant,Dinner,21,13,34,1491.7
2016-11-21,Lobby Bar,Evening,33,19,52,778.6
2016-11-21,In-Room Dining,All Day,18,0,18,606.4
2016-11-22,The Terrace Restaurant,Breakfast,230,4,234,3644.66
2016-11-22,The Terrace Restaurant,Lunch,16,14,30,699.76
2016-11-22,The Terrace Restaurant,Dinner,23,15,38,1628.2
2016-11-22,Lobby Bar,Evening,36,11,47,814.65
2016-11-22,In-Room Dining,All Day,12,0,12,361.53
2016-11-23,The Terrace Restaurant,Breakfast,184,1,185,2507.18
2016-11-23,The Terrace Restaurant,Lunch,10,24,34,912.02
2016-11-23,The Terrace Restaurant,Dinner,28,12,40,1855.18
2016-11-23,Lobby Bar,Evening,35,16,51,768.88
2016-11-23,In-Room Dining,All Day,7,0,7,215.67
2016-11-24,The Terrace Restaurant,Breakfast,182,2,184,3023.94
2016-11-24,The Terrace Restaurant,Lunch,9,23,32,953.96
2016-11-24,The Terrace Restaurant,Dinner,26,18,44,1809.72
2016-11-24,Lobby Bar,Evening,23,5,28,508.02
2016-11-24,In-Room Dining,All Day,10,0,10,302.19
2016-11-25,The Terrace Restaurant,Breakfast,262,6,268,4381.64
2016-11-25,The Terrace Restaurant,Lunch,18,12,30,814.82
2016-11-25,The Terrace Restaurant,Dinner,27,22,49,2275.24
2016-11-25,Lobby Bar,Evening,47,20,67,1087.31
2016-11-25,In-Room Dining,All Day,5,0,5,140.42
2016-11-26,The Terrace Restaurant,Breakfast,248,8,256,4228.26
2016-11-26,The Terrace Restaurant,Lunch,10,18,28,637.53
2016-11-26,The Terrace Restaurant,Dinner,31,24,55,2120.06
2016-11-26,Lobby Bar,Evening,41,25,66,1261.81
2016-11-26,In-Room Dining,All Day,16,0,16,450.42
2016-11-27,The Terrace Restaurant,Breakfast,155,1,156,2805.25
2016-11-27,The Terrace Restaurant,Lunch,5,23,28,625.62
2016-11-27,The Terrace Restaurant,Dinner,21,13,34,1665.55
2016-11-27,Lobby Bar,Evening,31,16,47,763.83
2016-11-27,In-Room Dining,All Day,5,0,5,160.12
2016-11-28,The Terrace Restaurant,Breakfast,165,4,169,2835.96
2016-11-28,The Terrace Restaurant,Lunch,6,28,34,748.61
2016-11-28,The Terrace Restaurant,Dinner,23,16,39,1390.93
2016-11-28,Lobby Bar,Evening,28,11,39,619.02
2016-11-28,In-Room Dining,All Day,4,0,4,93.96
2016-11-29,The Terrace Restaurant,Breakfast,152,1,153,2442.29
2016-11-29,The Terrace Restaurant,Lunch,7,17,24,616.33
2016-11-29,The Terrace Restaurant,Dinner,26,11,37,1670.98
2016-11-29,Lobby Bar,Evening,24,15,39,640.78
2016-11-29,In-Room Dining,All Day,5,0,5,161.66
2016-11-30,The Terrace Restaurant,Breakfast,133,4,137,1921.7
2016-11-30,The Terrace Restaurant,Lunch,11,16,27,676.34
2016-11-30,The Terrace Restaurant,Dinner,24,12,36,1434.82
2016-11-30,Lobby Bar,Evening,11,16,27,446.38
2016-11-30,In-Room Dining,All Day,4,0,4,122.17
2016-12-01,The Terrace Restaurant,Breakfast,159,6,165,2869.02
2016-12-01,The Terrace Restaurant,Lunch,6,16,22,551.07
2016-12-01,The Terrace Restaurant,Dinner,15,20,35,1649.08
2016-12-01,Lobby Bar,Evening,24,12,36,646.92
2016-12-01,In-Room Dining,All Day,4,0,4,125.97
2016-12-02,The Terrace Restaurant,Breakfast,185,5,190,2755.14
2016-12-02,The Terrace Restaurant,Lunch,6,9,15,320.72
2016-12-02,The Terrace Restaurant,Dinner,23,36,59,2653.0
2016-12-02,Lobby Bar,Evening,23,23,46,732.99
2016-12-02,In-Room Dining,All Day,5,0,5,151.98
2016-12-02,Banquets & Events,Event,0,37,37,1727.25
2016-12-03,The Terrace Restaurant,Breakfast,251,3,254,3992.53
2016-12-03,The Terrace Restaurant,Lunch,8,21,29,651.75
2016-12-03,The Terrace Restaurant,Dinner,47,26,73,3448.1
2016-12-03,Lobby Bar,Evening,37,27,64,1036.58
2016-12-03,In-Room Dining,All Day,11,0,11,312.38
2016-12-04,The Terrace Restaurant,Breakfast,210,2,212,3461.75
2016-12-04,The Terrace Restaurant,Lunch,12,18,30,798.97
2016-12-04,The Terrace Restaurant,Dinner,41,9,50,2305.08
2016-12-04,Lobby Bar,Evening,31,11,42,687.72
2016-12-04,In-Room Dining,All Day,7,0,7,207.12
2016-12-05,The Terrace Restaurant,Breakfast,215,5,220,3713.46
2016-12-05,The Terrace Restaurant,Lunch,13,34,47,1244.65
2016-12-05,The Terrace Restaurant,Dinner,41,16,57,2613.03
2016-12-05,Lobby Bar,Evening,45,17,62,1066.48
2016-12-05,In-Room Dining,All Day,13,0,13,415.57
2016-12-06,The Terrace Restaurant,Breakfast,175,3,178,2961.22
2016-12-06,The Terrace Restaurant,Lunch,11,22,33,773.75
2016-12-06,The Terrace Restaurant,Dinner,23,12,35,1464.45
2016-12-06,Lobby Bar,Evening,30,17,47,800.2
2016-12-06,In-Room Dining,All Day,7,0,7,228.49
2016-12-07,The Terrace Restaurant,Breakfast,174,1,175,2818.94
2016-12-07,The Terrace Restaurant,Lunch,15,20,35,833.1
2016-12-07,The Terrace Restaurant,Dinner,20,15,35,1415.58
2016-12-07,Lobby Bar,Evening,35,8,43,685.1
2016-12-07,In-Room Dining,All Day,7,0,7,204.68
2016-12-08,The Terrace Restaurant,Breakfast,279,4,283,4524.76
2016-12-08,The Terrace Restaurant,Lunch,15,20,35,879.49
2016-12-08,The Terrace Restaurant,Dinner,36,21,57,2438.68
2016-12-08,Lobby Bar,Evening,50,17,67,990.94
2016-12-08,In-Room Dining,All Day,12,0,12,392.79
2016-12-08,Banquets & Events,Event,0,69,69,4091.97
2016-12-09,The Terrace Restaurant,Breakfast,289,4,293,4558.6
2016-12-09,The Terrace Restaurant,Lunch,11,12,23,543.35
2016-12-09,The Terrace Restaurant,Dinner,35,34,69,2715.67
2016-12-09,Lobby Bar,Evening,55,31,86,1488.54
2016-12-09,In-Room Dining,All Day,8,0,8,245.35
2016-12-10,The Terrace Restaurant,Breakfast,285,8,293,4483.06
2016-12-10,The Terrace Restaurant,Lunch,17,15,32,785.59
2016-12-10,The Terrace Restaurant,Dinner,32,32,64,2756.98
2016-12-10,Lobby Bar,Evening,39,34,73,957.02
2016-12-10,In-Room Dining,All Day,13,0,13,428.36
2016-12-11,The Terrace Restaurant,Breakfast,124,0,124,2093.77
2016-12-11,The Terrace Restaurant,Lunch,7,19,26,665.37
2016-12-11,The Terrace Restaurant,Dinner,18,21,39,1864.2
2016-12-11,Lobby Bar,Evening,34,15,49,796.34
2016-12-11,In-Room Dining,All Day,12,0,12,350.0
2016-12-12,The Terrace Restaurant,Breakfast,72,5,77,1230.38
2016-12-12,The Terrace Restaurant,Lunch,3,28,31,738.24
2016-12-12,The Terrace Restaurant,Dinner,12,11,23,1029.82
2016-12-12,Lobby Bar,Evening,15,17,32,573.26
2016-12-12,In-Room Dining,All Day,5,0,5,150.84
2016-12-12,Banquets & Events,Event,0,40,40,2413.04
2016-12-13,The Terrace Restaurant,Breakfast,92,2,94,1286.44
2016-12-13,The Terrace Restaurant,Lunch,5,31,36,849.03
2016-12-13,The Terrace Restaurant,Dinner,21,23,44,2121.66
2016-12-13,Lobby Bar,Evening,19,21,40,731.83
2016-12-13,In-Room Dining,All Day,4,0,4,112.62
2016-12-14,The Terrace Restaurant,Breakfast,88,1,89,1445.16
2016-12-14,The Terrace Restaurant,Lunch,1,25,26,632.06
2016-12-14,The Terrace Restaurant,Dinner,20,15,35,1551.89
2016-12-14,Lobby Bar,Evening,17,8,25,475.15
2016-12-14,In-Room Dining,All Day,3,0,3,97.02
2016-12-15,The Terrace Restaurant,Breakfast,85,2,87,1413.87
2016-12-15,The Terrace Restaurant,Lunch,2,26,28,734.63
2016-12-15,The Terrace Restaurant,Dinner,17,12,29,1191.49
2016-12-15,Lobby Bar,Evening,13,16,29,479.81
2016-12-15,In-Room Dining,All Day,2,0,2,56.71
2016-12-15,Banquets & Events,Event,0,79,79,4439.46
2016-12-16,The Terrace Restaurant,Breakfast,121,5,126,1974.33
2016-12-16,The Terrace Restaurant,Lunch,7,14,21,501.9
2016-12-16,The Terrace Restaurant,Dinner,25,30,55,2273.51
2016-12-16,Lobby Bar,Evening,21,29,50,854.74
2016-12-16,In-Room Dining,All Day,6,0,6,178.74
2016-12-17,The Terrace Restaurant,Breakfast,109,5,114,1916.33
2016-12-17,The Terrace Restaurant,Lunch,10,23,33,848.91
2016-12-17,The Terrace Restaurant,Dinner,27,30,57,2580.93
2016-12-17,Lobby Bar,Evening,22,30,52,885.62
2016-12-17,In-Room Dining,All Day,4,0,4,146.25
2016-12-18,The Terrace Restaurant,Breakfast,112,5,117,1650.29
2016-12-18,The Terrace Restaurant,Lunch,6,25,31,838.4
2016-12-18,The Terrace Restaurant,Dinner,18,15,33,1467.11
2016-12-18,Lobby Bar,Evening,21,11,32,524.81
2016-12-18,In-Room Dining,All Day,4,0,4,127.61
2016-12-19,The Terrace Restaurant,Breakfast,127,2,129,2031.56
2016-12-19,The Terrace Restaurant,Lunch,3,19,22,582.67
2016-12-19,The Terrace Restaurant,Dinner,20,18,38,1651.07
2016-12-19,Lobby Bar,Evening,30,14,44,759.21
2016-12-19,In-Room Dining,All Day,7,0,7,181.83
2016-12-20,The Terrace Restaurant,Breakfast,126,4,130,2360.14
2016-12-20,The Terrace Restaurant,Lunch,3,21,24,609.49
2016-12-20,The Terrace Restaurant,Dinner,26,14,40,1768.83
2016-12-20,Lobby Bar,Evening,17,15,32,452.02
2016-12-20,In-Room Dining,All Day,7,0,7,244.06
2016-12-21,The Terrace Restaurant,Breakfast,141,3,144,2402.61
2016-12-21,The Terrace Restaurant,Lunch,8,30,38,905.75
2016-12-21,The Terrace Restaurant,Dinner,41,20,61,2533.73
2016-12-21,Lobby Bar,Evening,19,9,28,514.77
2016-12-21,In-Room Dining,All Day,3,0,3,95.52
2016-12-22,The Terrace Restaurant,Breakfast,150,3,153,2846.79
2016-12-22,The Terrace Restaurant,Lunch,8,22,30,606.53
2016-12-22,The Terrace Restaurant,Dinner,45,16,61,2692.89
2016-12-22,Lobby Bar,Evening,25,12,37,603.11
2016-12-22,In-Room Dining,All Day,5,0,5,137.22
2016-12-23,The Terrace Restaurant,Breakfast,196,5,201,2725.88
2016-12-23,The Terrace Restaurant,Lunch,7,8,15,337.57
2016-12-23,The Terrace Restaurant,Dinner,53,30,83,4232.29
2016-12-23,Lobby Bar,Evening,34,26,60,1120.77
2016-12-23,In-Room Dining,All Day,8,0,8,232.88
2016-12-24,The Terrace Restaurant,Breakfast,210,7,217,3698.13
2016-12-24,The Terrace Restaurant,Lunch,15,14,29,721.19
2016-12-24,The Terrace Restaurant,Dinner,74,25,99,4349.05
2016-12-24,Lobby Bar,Evening,31,23,54,850.4
2016-12-24,In-Room Dining,All Day,12,0,12,429.39
2016-12-25,The Terrace Restaurant,Breakfast,231,2,233,3582.01
2016-12-25,The Terrace Restaurant,Lunch,10,27,37,967.08
2016-12-25,The Terrace Restaurant,Dinner,68,17,85,3581.76
2016-12-25,Lobby Bar,Evening,46,11,57,968.1
2016-12-25,In-Room Dining,All Day,10,0,10,355.99
2016-12-26,The Terrace Restaurant,Breakfast,241,3,244,4071.66
2016-12-26,The Terrace Restaurant,Lunch,11,29,40,1016.8
2016-12-26,The Terrace Restaurant,Dinner,57,15,72,3231.09
2016-12-26,Lobby Bar,Evening,41,16,57,1000.37
2016-12-26,In-Room Dining,All Day,9,0,9,268.99
2016-12-27,The Terrace Restaurant,Breakfast,365,3,368,5216.72
2016-12-27,The Terrace Restaurant,Lunch,21,19,40,903.61
2016-12-27,The Terrace Restaurant,Dinner,56,24,80,3638.15
2016-12-27,Lobby Bar,Evening,57,22,79,1366.15
2016-12-27,In-Room Dining,All Day,9,0,9,273.68
2016-12-28,The Terrace Restaurant,Breakfast,319,3,322,4265.54
2016-12-28,The Terrace Restaurant,Lunch,26,26,52,1123.29
2016-12-28,The Terrace Restaurant,Dinner,67,17,84,3752.19
2016-12-28,Lobby Bar,Evening,56,13,69,1208.79
2016-12-28,In-Room Dining,All Day,12,0,12,412.83
2016-12-29,The Terrace Restaurant,Breakfast,325,4,329,5353.33
2016-12-29,The Terrace Restaurant,Lunch,17,26,43,1087.96
2016-12-29,The Terrace Restaurant,Dinner,55,21,76,3313.83
2016-12-29,Lobby Bar,Evening,55,13,68,961.6
2016-12-29,In-Room Dining,All Day,12,0,12,351.28
2016-12-30,The Terrace Restaurant,Breakfast,343,6,349,4843.22
2016-12-30,The Terrace Restaurant,Lunch,24,16,40,1198.13
2016-12-30,The Terrace Restaurant,Dinner,60,24,84,3490.81
2016-12-30,Lobby Bar,Evening,54,30,84,1405.29
2016-12-30,In-Room Dining,All Day,13,0,13,373.36
2016-12-30,Banquets & Events,Event,0,151,151,8610.24
2016-12-31,The Terrace Restaurant,Breakfast,327,5,332,5221.11
2016-12-31,The Terrace Restaurant,Lunch,22,12,34,790.81
2016-12-31,The Terrace Restaurant,Dinner,37,21,58,2284.52
2016-12-31,Lobby Bar,Evening,48,37,85,1381.59
2016-12-31,In-Room Dining,All Day,13,0,13,366.58
2017-01-01,The Terrace Restaurant,Breakfast,356,4,360,5709.35
2017-01-01,The Terrace Restaurant,Lunch,13,8,21,515.4
2017-01-01,The Terrace Restaurant,Dinner,49,11,60,2652.0
2017-01-01,Lobby Bar,Evening,49,9,58,1031.73
2017-01-01,In-Room Dining,All Day,13,0,13,356.91
2017-01-01,Banquets & Events,Event,0,82,82,4958.78
2017-01-02,The Terrace Restaurant,Breakfast,282,2,284,4772.28
2017-01-02,The Terrace Restaurant,Lunch,15,26,41,979.49
2017-01-02,The Terrace Restaurant,Dinner,42,10,52,1977.58
2017-01-02,Lobby Bar,Evening,44,14,58,1136.29
2017-01-02,In-Room Dining,All Day,5,0,5,161.73
2017-01-03,The Terrace Restaurant,Breakfast,265,3,268,4101.33
2017-01-03,The Terrace Restaurant,Lunch,17,19,36,961.49
2017-01-03,The Terrace Restaurant,Dinner,53,12,65,3086.55
2017-01-03,Lobby Bar,Evening,43,10,53,1001.09
2017-01-03,In-Room Dining,All Day,13,0,13,398.95
2017-01-03,Banquets & Events,Event,0,82,82,4038.85
2017-01-04,The Terrace Restaurant,Breakfast,242,4,246,3905.89
2017-01-04,The Terrace Restaurant,Lunch,13,11,24,543.9
2017-01-04,The Terrace Restaurant,Dinner,54,12,66,3090.81
2017-01-04,Lobby Bar,Evening,34,15,49,795.02
2017-01-04,In-Room Dining,All Day,6,0,6,147.89
2017-01-05,The Terrace Restaurant,Breakfast,238,2,240,4232.99
2017-01-05,The Terrace Restaurant,Lunch,10,14,24,518.22
2017-01-05,The Terrace Restaurant,Dinner,43,8,51,2358.2
2017-01-05,Lobby Bar,Evening,44,12,56,990.69
2017-01-05,In-Room Dining,All Day,9,0,9,285.15
2017-01-06,The Terrace Restaurant,Breakfast,206,1,207,3310.26
2017-01-06,The Terrace Restaurant,Lunch,12,15,27,694.76
2017-01-06,The Terrace Restaurant,Dinner,43,18,61,2890.22
2017-01-06,Lobby Bar,Evening,41,30,71,1303.25
2017-01-06,In-Room Dining,All Day,13,0,13,482.94
2017-01-07,The Terrace Restaurant,Breakfast,190,5,195,3253.99
2017-01-07,The Terrace Restaurant,Lunch,11,12,23,487.05
2017-01-07,The Terrace Restaurant,Dinner,47,23,70,3016.77
2017-01-07,Lobby Bar,Evening,37,25,62,1010.37
2017-01-07,In-Room Dining,All Day,9,0,9,279.28
2017-01-08,The Terrace Restaurant,Breakfast,145,3,148,2372.42
2017-01-08,The Terrace Restaurant,Lunch,5,21,26,538.83
2017-01-08,The Terrace Restaurant,Dinner,33,12,45,2035.35
2017-01-08,Lobby Bar,Evening,27,8,35,518.95
2017-01-08,In-Room Dining,All Day,4,0,4,121.41
2017-01-09,The Terrace Restaurant,Breakfast,156,1,157,2538.73
2017-01-09,The Terrace Restaurant,Lunch,6,20,26,696.37
2017-01-09,The Terrace Restaurant,Dinner,34,8,42,1592.63
2017-01-09,Lobby Bar,Evening,23,13,36,539.18
2017-01-09,In-Room Dining,All Day,8,0,8,255.75
2017-01-10,The Terrace Restaurant,Breakfast,182,1,183,2849.82
2017-01-10,The Terrace Restaurant,Lunch,10,16,26,681.25
2017-01-10,The Terrace Restaurant,Dinner,28,16,44,1921.2
2017-01-10,Lobby Bar,Evening,25,9,34,568.6
2017-01-10,In-Room Dining,All Day,3,0,3,90.28
2017-01-11,The Terrace Restaurant,Breakfast,164,3,167,2472.62
2017-01-11,The Terrace Restaurant,Lunch,6,22,28,713.54
2017-01-11,The Terrace Restaurant,Dinner,30,10,40,1505.2
2017-01-11,Lobby Bar,Evening,23,11,34,428.88
2017-01-11,In-Room Dining,All Day,10,0,10,262.32
2017-01-12,The Terrace Restaurant,Breakfast,135,7,142,2190.15
2017-01-12,The Terrace Restaurant,Lunch,5,19,24,597.75
2017-01-12,The Terrace Restaurant,Dinner,36,22,58,2452.65
2017-01-12,Lobby Bar,Evening,31,8,39,603.31
2017-01-12,In-Room Dining,All Day,3,0,3,95.01
2017-01-13,The Terrace Restaurant,Breakfast,156,8,164,2636.23
2017-01-13,The Terrace Restaurant,Lunch,5,6,11,247.55
2017-01-13,The Terrace Restaurant,Dinner,33,29,62,2875.52
2017-01-13,Lobby Bar,Evening,20,28,48,803.97
2017-01-13,In-Room Dining,All Day,7,0,7,198.22
2017-01-14,The Terrace Restaurant,Breakfast,155,3,158,2114.85
2017-01-14,The Terrace Restaurant,Lunch,7,14,21,547.71
2017-01-14,The Terrace Restaurant,Dinner,32,21,53,2253.0
2017-01-14,Lobby Bar,Evening,31,20,51,844.18
2017-01-14,In-Room Dining,All Day,8,0,8,235.25
2017-01-15,The Terrace Restaurant,Breakfast,110,2,112,1643.79
2017-01-15,The Terrace Restaurant,Lunch,5,18,23,631.23
2017-01-15,The Terrace Restaurant,Dinner,20,17,37,1566.99
2017-01-15,Lobby Bar,Evening,24,23,47,880.0
2017-01-15,In-Room Dining,All Day,4,0,4,126.7
2017-01-16,The Terrace Restaurant,Breakfast,143,1,144,2499.69
2017-01-16,The Terrace Restaurant,Lunch,8,21,29,616.3
2017-01-16,The Terrace Restaurant,Dinner,16,17,33,1415.36
2017-01-16,Lobby Bar,Evening,27,12,39,659.89
2017-01-16,In-Room Dining,All Day,7,0,7,194.77
2017-01-17,The Terrace Restaurant,Breakfast,126,4,130,2402.77
2017-01-17,The Terrace Restaurant,Lunch,7,19,26,574.88
2017-01-17,The Terrace Restaurant,Dinner,13,11,24,1038.3
2017-01-17,Lobby Bar,Evening,22,14,36,600.51
2017-01-17,In-Room Dining,All Day,5,0,5,153.43
2017-01-18,The Terrace Restaurant,Breakfast,213,2,215,3665.4
2017-01-18,The Terrace Restaurant,Lunch,7,18,25,602.17
2017-01-18,The Terrace Restaurant,Dinner,33,15,48,2214.4
2017-01-18,Lobby Bar,Evening,34,17,51,927.2
2017-01-18,In-Room Dining,All Day,6,0,6,183.92
2017-01-19,The Terrace Restaurant,Breakfast,199,4,203,3458.99
2017-01-19,The Terrace Restaurant,Lunch,5,15,20,495.33
2017-01-19,The Terrace Restaurant,Dinner,23,9,32,1345.2
2017-01-19,Lobby Bar,Evening,30,16,46,686.72
2017-01-19,In-Room Dining,All Day,9,0,9,286.26
2017-01-20,The Terrace Restaurant,Breakfast,228,3,231,3360.88
2017-01-20,The Terrace Restaurant,Lunch,13,9,22,524.19
2017-01-20,The Terrace Restaurant,Dinner,36,26,62,2654.16
2017-01-20,Lobby Bar,Evening,23,22,45,773.35
2017-01-20,In-Room Dining,All Day,6,0,6,188.66
2017-01-21,The Terrace Restaurant,Breakfast,201,1,202,3241.18
2017-01-21,The Terrace Restaurant,Lunch,12,13,25,657.63
2017-01-21,The Terrace Restaurant,Dinner,31,24,55,2638.26
2017-01-21,Lobby Bar,Evening,35,22,57,1050.96
2017-01-21,In-Room Dining,All Day,5,0,5,157.25
2017-01-22,The Terrace Restaurant,Breakfast,190,7,197,3185.68
2017-01-22,The Terrace Restaurant,Lunch,10,12,22,440.34
2017-01-22,The Terrace Restaurant,Dinner,44,10,54,2736.38
2017-01-22,Lobby Bar,Evening,28,9,37,624.19
2017-01-22,In-Room Dining,All Day,4,0,4,110.45
2017-01-23,The Terrace Restaurant,Breakfast,144,0,144,2108.59
2017-01-23,The Terrace Restaurant,Lunch,8,24,32,778.54
2017-01-23,The Terrace Restaurant,Dinner,19,12,31,1401.7
2017-01-23,Lobby Bar,Evening,27,16,43,711.82
2017-01-23,In-Room Dining,All Day,6,0,6,202.93
2017-01-24,The Terrace Restaurant,Breakfast,155,2,157,2621.66
2017-01-24,The Terrace Restaurant,Lunch,6,14,20,543.73
2017-01-24,The Terrace Restaurant,Dinner,28,10,38,1462.12
2017-01-24,Lobby Bar,Evening,27,8,35,607.75
2017-01-24,In-Room Dining,All Day,5,0,5,142.83
2017-01-25,The Terrace Restaurant,Breakfast,168,1,169,2539.2
2017-01-25,The Terrace Restaurant,Lunch,8,18,26,676.11
2017-01-25,The Terrace Restaurant,Dinner,30,13,43,1867.6
2017-01-25,Lobby Bar,Evening,18,14,32,594.27
2017-01-25,In-Room Dining,All Day,9,0,9,297.88
2017-01-26,The Terrace Restaurant,Breakfast,177,2,179,3058.14
2017-01-26,The Terrace Restaurant,Lunch,9,23,32,708.58
2017-01-26,The Terrace Restaurant,Dinner,33,17,50,2284.39
2017-01-26,Lobby Bar,Evening,27,10,37,636.66
2017-01-26,In-Room Dining,All Day,4,0,4,120.21
2017-01-27,The Terrace Restaurant,Breakfast,157,1,158,2906.37
2017-01-27,The Terrace Restaurant,Lunch,12,9,21,453.74
2017-01-27,The Terrace Restaurant,Dinner,31,22,53,2449.42
2017-01-27,Lobby Bar,Evening,32,22,54,1020.17
2017-01-27,In-Room Dining,All Day,7,0,7,224.33
2017-01-28,The Terrace Restaurant,Breakfast,175,4,179,2749.28
2017-01-28,The Terrace Restaurant,Lunch,10,16,26,629.93
2017-01-28,The Terrace Restaurant,Dinner,28,21,49,1878.98
2017-01-28,Lobby Bar,Evening,32,29,61,1121.78
2017-01-28,In-Room Dining,All Day,5,0,5,164.44
2017-01-29,The Terrace Restaurant,Breakfast,123,5,128,2269.32
2017-01-29,The Terrace Restaurant,Lunch,8,24,32,749.71
2017-01-29,The Terrace Restaurant,Dinner,31,14,45,1883.51
2017-01-29,Lobby Bar,Evening,27,10,37,717.22
2017-01-29,In-Room Dining,All Day,9,0,9,286.62
2017-01-29,Banquets & Events,Event,0,102,102,5901.32
2017-01-30,The Terrace Restaurant,Breakfast,126,1,127,1832.45
2017-01-30,The Terrace Restaurant,Lunch,7,13,20,470.14
2017-01-30,The Terrace Restaurant,Dinner,29,8,37,1521.77
2017-01-30,Lobby Bar,Evening,24,10,34,572.51
2017-01-30,In-Room Dining,All Day,8,0,8,242.85
2017-01-31,The Terrace Restaurant,Breakfast,142,4,146,2150.79
2017-01-31,The Terrace Restaurant,Lunch,5,23,28,581.75
2017-01-31,The Terrace Restaurant,Dinner,34,16,50,2012.75
2017-01-31,Lobby Bar,Evening,17,11,28,485.32
2017-01-31,In-Room Dining,All Day,3,0,3,89.52
2017-02-01,The Terrace Restaurant,Breakfast,141,3,144,2300.28
2017-02-01,The Terrace Restaurant,Lunch,8,23,31,756.42
2017-02-01,The Terrace Restaurant,Dinner,27,19,46,2024.43
2017-02-01,Lobby Bar,Evening,23,14,37,573.68
2017-02-01,In-Room Dining,All Day,5,0,5,167.76
2017-02-02,The Terrace Restaurant,Breakfast,151,2,153,2530.44
2017-02-02,The Terrace Restaurant,Lunch,8,20,28,692.06
2017-02-02,The Terrace Restaurant,Dinner,44,16,60,2471.54
2017-02-02,Lobby Bar,Evening,24,13,37,520.35
2017-02-02,In-Room Dining,All Day,2,0,2,56.63
2017-02-03,The Terrace Restaurant,Breakfast,171,5,176,2715.08
2017-02-03,The Terrace Restaurant,Lunch,6,19,25,578.76
2017-02-03,The Terrace Restaurant,Dinner,42,19,61,2366.61
2017-02-03,Lobby Bar,Evening,33,23,56,892.8
2017-02-03,In-Room Dining,All Day,10,0,10,310.15
2017-02-04,The Terrace Restaurant,Breakfast,176,4,180,2998.9
2017-02-04,The Terrace Restaurant,Lunch,10,22,32,828.27
2017-02-04,The Terrace Restaurant,Dinner,50,31,81,4017.7
2017-02-04,Lobby Bar,Evening,42,22,64,1076.13
2017-02-04,In-Room Dining,All Day,5,0,5,125.74
2017-02-05,The Terrace Restaurant,Breakfast,170,1,171,2841.85
2017-02-05,The Terrace Restaurant,Lunch,11,17,28,712.34
2017-02-05,The Terrace Restaurant,Dinner,29,10,39,1810.55
2017-02-05,Lobby Bar,Evening,37,9,46,873.48
2017-02-05,In-Room Dining,All Day,6,0,6,177.13
2017-02-06,The Terrace Restaurant,Breakfast,152,3,155,2398.32
2017-02-06,The Terrace Restaurant,Lunch,10,24,34,815.96
2017-02-06,The Terrace Restaurant,Dinner,22,15,37,1636.55
2017-02-06,Lobby Bar,Evening,26,11,37,628.85
2017-02-06,In-Room Dining,All Day,7,0,7,230.97
2017-02-07,The Terrace Restaurant,Breakfast,168,2,170,2731.37
2017-02-07,The Terrace Restaurant,Lunch,12,15,27,619.03
2017-02-07,The Terrace Restaurant,Dinner,32,15,47,2178.26
2017-02-07,Lobby Bar,Evening,25,15,40,719.69
2017-02-07,In-Room Dining,All Day,4,0,4,123.46
2017-02-07,Banquets & Events,Event,0,145,145,9506.34
2017-02-08,The Terrace Restaurant,Breakfast,167,1,168,2738.81
2017-02-08,The Terrace Restaurant,Lunch,8,27,35,848.55
2017-02-08,The Terrace Restaurant,Dinner,22,12,34,1533.45
2017-02-08,Lobby Bar,Evening,30,15,45,694.56
2017-02-08,In-Room Dining,All Day,8,0,8,246.18
2017-02-08,Banquets & Events,Event,0,142,142,7477.94
2017-02-09,The Terrace Restaurant,Breakfast,220,3,223,3856.95
2017-02-09,The Terrace Restaurant,Lunch,18,17,35,929.23
2017-02-09,The Terrace Restaurant,Dinner,36,19,55,2798.6
2017-02-09,Lobby Bar,Evening,40,9,49,778.63
2017-02-09,In-Room Dining,All Day,8,0,8,233.13
2017-02-10,The Terrace Restaurant,Breakfast,240,5,245,3581.38
2017-02-10,The Terrace Restaurant,Lunch,10,15,25,573.38
2017-02-10,The Terrace Restaurant,Dinner,55,23,78,3282.36
2017-02-10,Lobby Bar,Evening,41,29,70,1185.3
2017-02-10,In-Room Dining,All Day,11,0,11,307.55
2017-02-10,Banquets & Events,Event,0,62,62,3145.6
2017-02-11,The Terrace Restaurant,Breakfast,244,5,249,3870.81
2017-02-11,The Terrace Restaurant,Lunch,11,15,26,642.26
2017-02-11,The Terrace Restaurant,Dinner,47,28,75,3662.35
2017-02-11,Lobby Bar,Evening,40,21,61,936.05
2017-02-11,In-Room Dining,All Day,16,0,16,470.11
2017-02-12,The Terrace Restaurant,Breakfast,241,3,244,4031.3
2017-02-12,The Terrace Restaurant,Lunch,18,12,30,660.73
2017-02-12,The Terrace Restaurant,Dinner,48,8,56,2481.09
2017-02-12,Lobby Bar,Evening,32,9,41,620.97
2017-02-12,In-Room Dining,All Day,9,0,9,290.51
2017-02-13,The Terrace Restaurant,Breakfast,286,4,290,3898.83
2017-02-13,The Terrace Restaurant,Lunch,13,28,41,1039.35
2017-02-13,The Terrace Restaurant,Dinner,60,13,73,2807.7
2017-02-13,Lobby Bar,Evening,44,8,52,897.68
2017-02-13,In-Room Dining,All Day,13,0,13,398.76
2017-02-14,The Terrace Restaurant,Breakfast,300,5,305,4524.18
2017-02-14,The Terrace Restaurant,Lunch,18,29,47,1198.69
2017-02-14,The Terrace Restaurant,Dinner,62,19,81,3516.92
2017-02-14,Lobby Bar,Evening,56,7,63,939.18
2017-02-14,In-Room Dining,All Day,16,0,16,460.79
2017-02-15,The Terrace Restaurant,Breakfast,317,1,318,4902.63
2017-02-15,The Terrace Restaurant,Lunch,12,25,37,884.42
2017-02-15,The Terrace Restaurant,Dinner,54,14,68,3062.32
2017-02-15,Lobby Bar,Evening,62,10,72,1143.84
2017-02-15,In-Room Dining,All Day,14,0,14,433.5
2017-02-15,Banquets & Events,Event,0,110,110,6435.64
2017-02-16,The Terrace Restaurant,Breakfast,320,2,322,5221.85
2017-02-16,The Terrace Restaurant,Lunch,17,16,33,698.68
2017-02-16,The Terrace Restaurant,Dinner,60,20,80,3820.01
2017-02-16,Lobby Bar,Evening,60,10,70,1174.98
2017-02-16,In-Room Dining,All Day,14,0,14,399.83
2017-02-17,The Terrace Restaurant,Breakfast,308,4,312,5136.91
2017-02-17,The Terrace Restaurant,Lunch,17,20,37,951.68
2017-02-17,The Terrace Restaurant,Dinner,52,35,87,3835.09
2017-02-17,Lobby Bar,Evening,51,29,80,1433.7
2017-02-17,In-Room Dining,All Day,11,0,11,296.87
2017-02-18,The Terrace Restaurant,Breakfast,291,6,297,5270.02
2017-02-18,The Terrace Restaurant,Lunch,17,11,28,672.8
2017-02-18,The Terrace Restaurant,Dinner,52,26,78,3604.0
2017-02-18,Lobby Bar,Evening,45,23,68,1307.46
2017-02-18,In-Room Dining,All Day,14,0,14,413.7
2017-02-19,The Terrace Restaurant,Breakfast,268,2,270,4308.04
2017-02-19,The Terrace Restaurant,Lunch,15,18,33,768.32
2017-02-19,The Terrace Restaurant,Dinner,52,16,68,2934.72
2017-02-19,Lobby Bar,Evening,41,11,52,896.06
2017-02-19,In-Room Dining,All Day,8,0,8,231.2
2017-02-19,Banquets & Events,Event,0,114,114,6356.65
2017-02-20,The Terrace Restaurant,Breakfast,307,2,309,5035.94
2017-02-20,The Terrace Restaurant,Lunch,21,17,38,762.02
2017-02-20,The Terrace Restaurant,Dinner,60,13,73,3070.95
2017-02-20,Lobby Bar,Evening,49,12,61,1046.53
2017-02-20,In-Room Dining,All Day,14,0,14,441.35
2017-02-21,The Terrace Restaurant,Breakfast,288,0,288,4399.47
2017-02-21,The Terrace Restaurant,Lunch,14,13,27,669.69
2017-02-21,The Terrace Restaurant,Dinner,55,15,70,3544.11
2017-02-21,Lobby Bar,Evening,55,13,68,1193.94
2017-02-21,In-Room Dining,All Day,14,0,14,424.72
2017-02-22,The Terrace Restaurant,Breakfast,322,3,325,5120.12
2017-02-22,The Terrace Restaurant,Lunch,11,20,31,712.81
2017-02-22,The Terrace Restaurant,Dinner,64,9,73,2964.99
2017-02-22,Lobby Bar,Evening,55,23,78,1365.8
2017-02-22,In-Room Dining,All Day,12,0,12,363.92
2017-02-23,The Terrace Restaurant,Breakfast,272,5,277,4840.42
2017-02-23,The Terrace Restaurant,Lunch,23,16,39,1027.56
2017-02-23,The Terrace Restaurant,Dinner,54,16,70,2885.01
2017-02-23,Lobby Bar,Evening,38,12,50,1023.98
2017-02-23,In-Room Dining,All Day,5,0,5,137.3
2017-02-24,The Terrace Restaurant,Breakfast,187,7,194,2908.23
2017-02-24,The Terrace Restaurant,Lunch,10,22,32,696.36
2017-02-24,The Terrace Restaurant,Dinner,42,30,72,2971.03
2017-02-24,Lobby Bar,Evening,34,27,61,1016.96
2017-02-24,In-Room Dining,All Day,11,0,11,361.41
2017-02-25,The Terrace Restaurant,Breakfast,221,5,226,3713.72
2017-02-25,The Terrace Restaurant,Lunch,5,17,22,550.47
2017-02-25,The Terrace Restaurant,Dinner,19,28,47,2236.59
2017-02-25,Lobby Bar,Evening,46,25,71,1339.76
2017-02-25,In-Room Dining,All Day,9,0,9,282.79
2017-02-26,The Terrace Restaurant,Breakfast,233,4,237,4034.68
2017-02-26,The Terrace Restaurant,Lunch,8,22,30,751.06
2017-02-26,The Terrace Restaurant,Dinner,51,16,67,2773.76
2017-02-26,Lobby Bar,Evening,40,8,48,917.15
2017-02-26,In-Room Dining,All Day,8,0,8,277.73
2017-02-26,Banquets & Events,Event,0,82,82,4651.77
2017-02-27,The Terrace Restaurant,Breakfast,271,4,275,3909.23
2017-02-27,The Terrace Restaurant,Lunch,18,18,36,758.28
2017-02-27,The Terrace Restaurant,Dinner,49,21,70,3141.19
2017-02-27,Lobby Bar,Evening,55,14,69,1118.35
2017-02-27,In-Room Dining,All Day,12,0,12,331.5
2017-02-28,The Terrace Restaurant,Breakfast,248,4,252,3952.55
2017-02-28,The Terrace Restaurant,Lunch,22,25,47,1036.18
2017-02-28,The Terrace Restaurant,Dinner,61,12,73,3310.64
2017-02-28,Lobby Bar,Evening,56,6,62,1118.96
2017-02-28,In-Room Dining,All Day,10,0,10,328.3
2017-03-01,The Terrace Restaurant,Breakfast,239,5,244,4176.05
2017-03-01,The Terrace Restaurant,Lunch,10,19,29,645.24
2017-03-01,The Terrace Restaurant,Dinner,49,19,68,3277.36
2017-03-01,Lobby Bar,Evening,41,9,50,764.44
2017-03-01,In-Room Dining,All Day,17,0,17,494.9
2017-03-01,Banquets & Events,Event,0,145,145,7584.13
2017-03-02,The Terrace Restaurant,Breakfast,265,4,269,4760.52
2017-03-02,The Terrace Restaurant,Lunch,13,13,26,586.21
2017-03-02,The Terrace Restaurant,Dinner,35,14,49,2136.43
2017-03-02,Lobby Bar,Evening,41,22,63,1068.72
2017-03-02,In-Room Dining,All Day,17,0,17,554.1
2017-03-03,The Terrace Restaurant,Breakfast,273,3,276,4363.54
2017-03-03,The Terrace Restaurant,Lunch,14,11,25,557.99
2017-03-03,The Terrace Restaurant,Dinner,52,25,77,3381.74
2017-03-03,Lobby Bar,Evening,57,22,79,1267.17
2017-03-03,In-Room Dining,All Day,10,0,10,295.86
2017-03-04,The Terrace Restaurant,Breakfast,240,4,244,4234.11
2017-03-04,The Terrace Restaurant,Lunch,17,8,25,583.89
2017-03-04,The Terrace Restaurant,Dinner,38,18,56,2298.15
2017-03-04,Lobby Bar,Evening,46,26,72,1431.01
2017-03-04,In-Room Dining,All Day,9,0,9,275.79
2017-03-05,The Terrace Restaurant,Breakfast,224,4,228,3717.68
2017-03-05,The Terrace Restaurant,Lunch,11,16,27,745.58
2017-03-05,The Terrace Restaurant,Dinner,40,15,55,2287.31
2017-03-05,Lobby Bar,Evening,40,10,50,833.54
2017-03-05,In-Room Dining,All Day,6,0,6,173.0
2017-03-06,The Terrace Restaurant,Breakfast,294,5,299,4510.2
2017-03-06,The Terrace Restaurant,Lunch,25,24,49,1249.88
2017-03-06,The Terrace Restaurant,Dinner,32,11,43,2083.76
2017-03-06,Lobby Bar,Evening,46,11,57,998.33
2017-03-06,In-Room Dining,All Day,11,0,11,307.42
2017-03-07,The Terrace Restaurant,Breakfast,302,1,303,4950.59
2017-03-07,The Terrace Restaurant,Lunch,18,21,39,942.71
2017-03-07,The Terrace Restaurant,Dinner,44,28,72,3321.75
2017-03-07,Lobby Bar,Evening,64,12,76,1269.49
2017-03-07,In-Room Dining,All Day,19,0,19,507.1
2017-03-08,The Terrace Restaurant,Breakfast,245,1,246,4193.39
2017-03-08,The Terrace Restaurant,Lunch,18,21,39,867.23
2017-03-08,The Terrace Restaurant,Dinner,41,22,63,2795.29
2017-03-08,Lobby Bar,Evening,39,11,50,800.17
2017-03-08,In-Room Dining,All Day,5,0,5,148.03
2017-03-09,The Terrace Restaurant,Breakfast,234,2,236,3940.06
2017-03-09,The Terrace Restaurant,Lunch,14,19,33,698.83
2017-03-09,The Terrace Restaurant,Dinner,33,9,42,2014.57
2017-03-09,Lobby Bar,Evening,41,8,49,981.89
2017-03-09,In-Room Dining,All Day,10,0,10,287.67
2017-03-10,The Terrace Restaurant,Breakfast,318,3,321,4825.42
2017-03-10,The Terrace Restaurant,Lunch,11,15,26,615.33
2017-03-10,The Terrace Restaurant,Dinner,35,37,72,3279.29
2017-03-10,Lobby Bar,Evening,51,36,87,1303.69
2017-03-10,In-Room Dining,All Day,12,0,12,352.16
2017-03-10,Banquets & Events,Event,0,103,103,5777.74
2017-03-11,The Terrace Restaurant,Breakfast,292,5,297,4729.42
2017-03-11,The Terrace Restaurant,Lunch,14,12,26,608.2
2017-03-11,The Terrace Restaurant,Dinner,46,26,72,3168.38
2017-03-11,Lobby Bar,Evening,57,22,79,1479.39
2017-03-11,In-Room Dining,All Day,15,0,15,471.6
2017-03-12,The Terrace Restaurant,Breakfast,262,5,267,4445.62
2017-03-12,The Terrace Restaurant,Lunch,11,26,37,942.72
2017-03-12,The Terrace Restaurant,Dinner,23,20,43,1458.63
2017-03-12,Lobby Bar,Evening,55,11,66,1181.58
2017-03-12,In-Room Dining,All Day,10,0,10,339.3
2017-03-12,Banquets & Events,Event,0,128,128,7929.1
2017-03-13,The Terrace Restaurant,Breakfast,200,1,201,3535.34
2017-03-13,The Terrace Restaurant,Lunch,15,32,47,1220.2
2017-03-13,The Terrace Restaurant,Dinner,30,11,41,2056.65
2017-03-13,Lobby Bar,Evening,31,11,42,725.0
2017-03-13,In-Room Dining,All Day,14,0,14,406.03
2017-03-13,Banquets & Events,Event,0,121,121,5715.83
2017-03-14,The Terrace Restaurant,Breakfast,234,4,238,3809.94
2017-03-14,The Terrace Restaurant,Lunch,12,18,30,712.86
2017-03-14,The Terrace Restaurant,Dinner,31,12,43,2057.28
2017-03-14,Lobby Bar,Evening,42,16,58,815.08
2017-03-14,In-Room Dining,All Day,16,0,16,505.7
2017-03-15,The Terrace Restaurant,Breakfast,260,4,264,3857.98
2017-03-15,The Terrace Restaurant,Lunch,15,23,38,1007.01
2017-03-15,The Terrace Restaurant,Dinner,42,22,64,3046.23
2017-03-15,Lobby Bar,Evening,50,19,69,940.33
2017-03-15,In-Room Dining,All Day,11,0,11,370.77
2017-03-16,The Terrace Restaurant,Breakfast,273,4,277,4648.27
2017-03-16,The Terrace Restaurant,Lunch,14,20,34,744.16
2017-03-16,The Terrace Restaurant,Dinner,58,13,71,2851.4
2017-03-16,Lobby Bar,Evening,54,12,66,1151.87
2017-03-16,In-Room Dining,All Day,10,0,10,331.93
2017-03-17,The Terrace Restaurant,Breakfast,317,3,320,4682.23
2017-03-17,The Terrace Restaurant,Lunch,31,12,43,849.31
2017-03-17,The Terrace Restaurant,Dinner,53,26,79,3880.34
2017-03-17,Lobby Bar,Evening,41,17,58,980.33
2017-03-17,In-Room Dining,All Day,13,0,13,361.0
2017-03-18,The Terrace Restaurant,Breakfast,328,5,333,5241.22
2017-03-18,The Terrace Restaurant,Lunch,22,15,37,782.22
2017-03-18,The Terrace Restaurant,Dinner,41,30,71,3391.66
2017-03-18,Lobby Bar,Evening,55,20,75,1246.58
2017-03-18,In-Room Dining,All Day,16,0,16,460.16
2017-03-19,The Terrace Restaurant,Breakfast,311,2,313,4901.0
2017-03-19,The Terrace Restaurant,Lunch,17,14,31,729.57
2017-03-19,The Terrace Restaurant,Dinner,55,15,70,2685.55
2017-03-19,Lobby Bar,Evening,49,9,58,923.21
2017-03-19,In-Room Dining,All Day,16,0,16,541.33
2017-03-20,The Terrace Restaurant,Breakfast,291,5,296,5234.15
2017-03-20,The Terrace Restaurant,Lunch,19,19,38,961.8
2017-03-20,The Terrace Restaurant,Dinner,48,23,71,3447.95
2017-03-20,Lobby Bar,Evening,41,13,54,1017.55
2017-03-20,In-Room Dining,All Day,13,0,13,426.0
2017-03-21,The Terrace Restaurant,Breakfast,281,4,285,4838.24
2017-03-21,The Terrace Restaurant,Lunch,11,18,29,668.17
2017-03-21,The Terrace Restaurant,Dinner,46,16,62,2201.38
2017-03-21,Lobby Bar,Evening,43,6,49,823.45
2017-03-21,In-Room Dining,All Day,9,0,9,247.99
2017-03-21,Banquets & Events,Event,0,37,37,1916.43
2017-03-22,The Terrace Restaurant,Breakfast,252,1,253,4243.28
2017-03-22,The Terrace Restaurant,Lunch,18,19,37,722.44
2017-03-22,The Terrace Restaurant,Dinner,45,15,60,2444.77
2017-03-22,Lobby Bar,Evening,41,10,51,888.46
2017-03-22,In-Room Dining,All Day,17,0,17,469.36
2017-03-22,Banquets & Events,Event,0,34,34,2089.11
2017-03-23,The Terrace Restaurant,Breakfast,254,2,256,4035.01
2017-03-23,The Terrace Restaurant,Lunch,23,23,46,1124.09
2017-03-23,The Terrace Restaurant,Dinner,34,17,51,2301.81
2017-03-23,Lobby Bar,Evening,39,11,50,895.42
2017-03-23,In-Room Dining,All Day,11,0,11,337.73
2017-03-24,The Terrace Restaurant,Breakfast,312,6,318,4151.64
2017-03-24,The Terrace Restaurant,Lunch,14,17,31,820.24
2017-03-24,The Terrace Restaurant,Dinner,43,25,68,2644.19
2017-03-24,Lobby Bar,Evening,53,19,72,1133.16
2017-03-24,In-Room Dining,All Day,15,0,15,462.27
2017-03-25,The Terrace Restaurant,Breakfast,316,2,318,5010.39
2017-03-25,The Terrace Restaurant,Lunch,13,15,28,729.9
2017-03-25,The Terrace Restaurant,Dinner,41,27,68,3589.97
2017-03-25,Lobby Bar,Evening,51,23,74,1200.91
2017-03-25,In-Room Dining,All Day,11,0,11,347.01
2017-03-26,The Terrace Restaurant,Breakfast,254,2,256,3736.88
2017-03-26,The Terrace Restaurant,Lunch,9,21,30,788.96
2017-03-26,The Terrace Restaurant,Dinner,45,15,60,2401.51
2017-03-26,Lobby Bar,Evening,59,12,71,1171.04
2017-03-26,In-Room Dining,All Day,13,0,13,405.64
2017-03-27,The Terrace Restaurant,Breakfast,304,5,309,4916.64
2017-03-27,The Terrace Restaurant,Lunch,19,22,41,778.43
2017-03-27,The Terrace Restaurant,Dinner,51,14,65,2514.88
2017-03-27,Lobby Bar,Evening,57,13,70,1286.61
2017-03-27,In-Room Dining,All Day,9,0,9,256.24
2017-03-28,The Terrace Restaurant,Breakfast,319,3,322,5660.44
2017-03-28,The Terrace Restaurant,Lunch,19,19,38,948.06
2017-03-28,The Terrace Restaurant,Dinner,63,20,83,4132.94
2017-03-28,Lobby Bar,Evening,43,21,64,1223.06
2017-03-28,In-Room Dining,All Day,16,0,16,466.14
2017-03-29,The Terrace Restaurant,Breakfast,258,3,261,3788.87
2017-03-29,The Terrace Restaurant,Lunch,15,19,34,772.74
2017-03-29,The Terrace Restaurant,Dinner,37,15,52,2675.16
2017-03-29,Lobby Bar,Evening,52,8,60,1064.99
2017-03-29,In-Room Dining,All Day,8,0,8,278.26
2017-03-30,The Terrace Restaurant,Breakfast,294,1,295,4543.2
2017-03-30,The Terrace Restaurant,Lunch,17,22,39,964.13
2017-03-30,The Terrace Restaurant,Dinner,45,16,61,2856.3
2017-03-30,Lobby Bar,Evening,46,12,58,928.8
2017-03-30,In-Room Dining,All Day,12,0,12,327.28
2017-03-31,The Terrace Restaurant,Breakfast,299,5,304,5158.51
2017-03-31,The Terrace Restaurant,Lunch,23,16,39,902.49
2017-03-31,The Terrace Restaurant,Dinner,46,31,77,3251.15
2017-03-31,Lobby Bar,Evening,44,33,77,1301.41
2017-03-31,In-Room Dining,All Day,12,0,12,349.6
2017-04-01,The Terrace Restaurant,Breakfast,299,4,303,4549.68
2017-04-01,The Terrace Restaurant,Lunch,17,19,36,919.09
2017-04-01,The Terrace Restaurant,Dinner,50,27,77,3286.27
2017-04-01,Lobby Bar,Evening,46,29,75,1156.04
2017-04-01,In-Room Dining,All Day,8,0,8,244.08
2017-04-02,The Terrace Restaurant,Breakfast,262,1,263,4501.28
2017-04-02,The Terrace Restaurant,Lunch,17,19,36,1046.03
2017-04-02,The Terrace Restaurant,Dinner,44,10,54,2354.08
2017-04-02,Lobby Bar,Evening,52,11,63,1083.71
2017-04-02,In-Room Dining,All Day,15,0,15,404.82
2017-04-03,The Terrace Restaurant,Breakfast,330,3,333,5791.2
2017-04-03,The Terrace Restaurant,Lunch,24,22,46,1018.18
2017-04-03,The Terrace Restaurant,Dinner,61,14,75,3305.25
2017-04-03,Lobby Bar,Evening,56,12,68,1193.51
2017-04-03,In-Room Dining,All Day,19,0,19,651.14
2017-04-04,The Terrace Restaurant,Breakfast,338,6,344,5782.96
2017-04-04,The Terrace Restaurant,Lunch,23,29,52,1287.95
2017-04-04,The Terrace Restaurant,Dinner,50,19,69,3062.47
2017-04-04,Lobby Bar,Evening,58,20,78,1540.54
2017-04-04,In-Room Dining,All Day,10,0,10,324.13
2017-04-05,The Terrace Restaurant,Breakfast,286,1,287,5211.43
2017-04-05,The Terrace Restaurant,Lunch,12,23,35,907.76
2017-04-05,The Terrace Restaurant,Dinner,50,19,69,3052.85
2017-04-05,Lobby Bar,Evening,61,11,72,1304.97
2017-04-05,In-Room Dining,All Day,8,0,8,253.39
2017-04-06,The Terrace Restaurant,Breakfast,306,3,309,4845.09
2017-04-06,The Terrace Restaurant,Lunch,26,25,51,1256.94
2017-04-06,The Terrace Restaurant,Dinner,51,6,57,2417.49
2017-04-06,Lobby Bar,Evening,56,21,77,1454.17
2017-04-06,In-Room Dining,All Day,17,0,17,548.61
2017-04-07,The Terrace Restaurant,Breakfast,341,6,347,5332.63
2017-04-07,The Terrace Restaurant,Lunch,20,21,41,959.57
2017-04-07,The Terrace Restaurant,Dinner,60,28,88,4265.89
2017-04-07,Lobby Bar,Evening,60,35,95,1610.36
2017-04-07,In-Room Dining,All Day,12,0,12,382.19
2017-04-08,The Terrace Restaurant,Breakfast,329,1,330,5469.27
2017-04-08,The Terrace Restaurant,Lunch,17,16,33,816.53
2017-04-08,The Terrace Restaurant,Dinner,71,29,100,4083.6
2017-04-08,Lobby Bar,Evening,40,29,69,1204.35
2017-04-08,In-Room Dining,All Day,15,0,15,497.43
2017-04-09,The Terrace Restaurant,Breakfast,298,5,303,5055.04
2017-04-09,The Terrace Restaurant,Lunch,22,23,45,1076.44
2017-04-09,The Terrace Restaurant,Dinner,80,21,101,4620.19
2017-04-09,Lobby Bar,Evening,61,13,74,1419.85
2017-04-09,In-Room Dining,All Day,22,0,22,708.68
2017-04-10,The Terrace Restaurant,Breakfast,354,2,356,5087.35
2017-04-10,The Terrace Restaurant,Lunch,14,20,34,833.71
2017-04-10,The Terrace Restaurant,Dinner,84,21,105,5076.96
2017-04-10,Lobby Bar,Evening,52,8,60,914.79
2017-04-10,In-Room Dining,All Day,26,0,26,810.06
2017-04-11,The Terrace Restaurant,Breakfast,354,3,357,6034.9
2017-04-11,The Terrace Restaurant,Lunch,15,26,41,1042.04
2017-04-11,The Terrace Restaurant,Dinner,80,18,98,3704.05
2017-04-11,Lobby Bar,Evening,51,12,63,1187.01
2017-04-11,In-Room Dining,All Day,15,0,15,447.76
2017-04-12,The Terrace Restaurant,Breakfast,331,2,333,5604.18
2017-04-12,The Terrace Restaurant,Lunch,20,19,39,963.74
2017-04-12,The Terrace Restaurant,Dinner,67,12,79,3099.62
2017-04-12,Lobby Bar,Evening,45,11,56,1054.03
2017-04-12,In-Room Dining,All Day,18,0,18,609.58
2017-04-13,The Terrace Restaurant,Breakfast,325,3,328,5558.72
2017-04-13,The Terrace Restaurant,Lunch,28,28,56,1337.55
2017-04-13,The Terrace Restaurant,Dinner,69,17,86,3757.62
2017-04-13,Lobby Bar,Evening,59,9,68,1263.91
2017-04-13,In-Room Dining,All Day,13,0,13,422.24
2017-04-13,Banquets & Events,Event,0,53,53,3294.62
2017-04-14,The Terrace Restaurant,Breakfast,298,6,304,4834.33
2017-04-14,The Terrace Restaurant,Lunch,17,19,36,855.01
2017-04-14,The Terrace Restaurant,Dinner,65,44,109,4019.98
2017-04-14,Lobby Bar,Evening,58,39,97,1645.52
2017-04-14,In-Room Dining,All Day,20,0,20,667.78
2017-04-15,The Terrace Restaurant,Breakfast,305,2,307,5089.89
2017-04-15,The Terrace Restaurant,Lunch,16,14,30,784.02
2017-04-15,The Terrace Restaurant,Dinner,86,42,128,5946.32
2017-04-15,Lobby Bar,Evening,49,29,78,1408.65
2017-04-15,In-Room Dining,All Day,11,0,11,339.14
2017-04-16,The Terrace Restaurant,Breakfast,325,1,326,5119.18
2017-04-16,The Terrace Restaurant,Lunch,23,23,46,1107.96
2017-04-16,The Terrace Restaurant,Dinner,81,22,103,4466.14
2017-04-16,Lobby Bar,Evening,70,16,86,1624.96
2017-04-16,In-Room Dining,All Day,13,0,13,466.5
2017-04-17,The Terrace Restaurant,Breakfast,311,2,313,5138.31
2017-04-17,The Terrace Restaurant,Lunch,19,24,43,1161.53
2017-04-17,The Terrace Restaurant,Dinner,83,20,103,4695.88
2017-04-17,Lobby Bar,Evening,48,12,60,1058.13
2017-04-17,In-Room Dining,All Day,16,0,16,539.46
2017-04-18,The Terrace Restaurant,Breakfast,273,3,276,3917.71
2017-04-18,The Terrace Restaurant,Lunch,18,24,42,1061.93
2017-04-18,The Terrace Restaurant,Dinner,49,21,70,3394.11
2017-04-18,Lobby Bar,Evening,54,11,65,992.16
2017-04-18,In-Room Dining,All Day,10,0,10,269.14
2017-04-19,The Terrace Restaurant,Breakfast,318,2,320,5312.66
2017-04-19,The Terrace Restaurant,Lunch,18,25,43,1015.38
2017-04-19,The Terrace Restaurant,Dinner,66,14,80,3668.68
2017-04-19,Lobby Bar,Evening,54,12,66,898.27
2017-04-19,In-Room Dining,All Day,13,0,13,417.15
2017-04-20,The Terrace Restaurant,Breakfast,337,4,341,5939.89
2017-04-20,The Terrace Restaurant,Lunch,16,21,37,847.91
2017-04-20,The Terrace Restaurant,Dinner,59,20,79,3421.2
2017-04-20,Lobby Bar,Evening,47,11,58,943.05
2017-04-20,In-Room Dining,All Day,10,0,10,358.54
2017-04-21,The Terrace Restaurant,Breakfast,338,9,347,5397.56
2017-04-21,The Terrace Restaurant,Lunch,19,23,42,1027.16
2017-04-21,The Terrace Restaurant,Dinner,37,32,69,2821.95
2017-04-21,Lobby Bar,Evening,61,25,86,1370.02
2017-04-21,In-Room Dining,All Day,9,0,9,303.47
2017-04-22,The Terrace Restaurant,Breakfast,333,6,339,5443.57
2017-04-22,The Terrace Restaurant,Lunch,16,20,36,941.84
2017-04-22,The Terrace Restaurant,Dinner,65,30,95,4515.16
2017-04-22,Lobby Bar,Evening,59,25,84,1413.13
2017-04-22,In-Room Dining,All Day,15,0,15,446.03
2017-04-23,The Terrace Restaurant,Breakfast,285,2,287,4376.33
2017-04-23,The Terrace Restaurant,Lunch,16,17,33,795.04
2017-04-23,The Terrace Restaurant,Dinner,55,11,66,2889.4
2017-04-23,Lobby Bar,Evening,53,15,68,1217.54
2017-04-23,In-Room Dining,All Day,11,0,11,304.86
2017-04-24,The Terrace Restaurant,Breakfast,337,3,340,5149.72
2017-04-24,The Terrace Restaurant,Lunch,30,29,59,1548.49
2017-04-24,The Terrace Restaurant,Dinner,65,11,76,3252.06
2017-04-24,Lobby Bar,Evening,60,23,83,1307.99
2017-04-24,In-Room Dining,All Day,13,0,13,344.97
2017-04-24,Banquets & Events,Event,0,76,76,3623.62
2017-04-25,The Terrace Restaurant,Breakfast,323,2,325,5068.05
2017-04-25,The Terrace Restaurant,Lunch,17,19,36,912.48
2017-04-25,The Terrace Restaurant,Dinner,76,25,101,3709.27
2017-04-25,Lobby Bar,Evening,46,17,63,1049.41
2017-04-25,In-Room Dining,All Day,19,0,19,566.58
2017-04-26,The Terrace Restaurant,Breakfast,301,3,304,5258.58
2017-04-26,The Terrace Restaurant,Lunch,21,23,44,1039.11
2017-04-26,The Terrace Restaurant,Dinner,62,15,77,3470.91
2017-04-26,Lobby Bar,Evening,43,11,54,1016.38
2017-04-26,In-Room Dining,All Day,11,0,11,346.18
2017-04-26,Banquets & Events,Event,0,126,126,7561.81
2017-04-27,The Terrace Restaurant,Breakfast,302,2,304,4759.02
2017-04-27,The Terrace Restaurant,Lunch,18,24,42,1025.61
2017-04-27,The Terrace Restaurant,Dinner,62,22,84,3649.45
2017-04-27,Lobby Bar,Evening,55,20,75,1339.5
2017-04-27,In-Room Dining,All Day,10,0,10,320.79
2017-04-27,Banquets & Events,Event,0,75,75,4052.67
2017-04-28,The Terrace Restaurant,Breakfast,296,8,304,4456.88
2017-04-28,The Terrace Restaurant,Lunch,17,16,33,840.16
2017-04-28,The Terrace Restaurant,Dinner,50,35,85,3854.09
2017-04-28,Lobby Bar,Evening,59,33,92,1458.31
2017-04-28,In-Room Dining,All Day,23,0,23,818.83
2017-04-29,The Terrace Restaurant,Breakfast,290,6,296,5110.07
2017-04-29,The Terrace Restaurant,Lunch,14,21,35,832.43
2017-04-29,The Terrace Restaurant,Dinner,44,29,73,3218.83
2017-04-29,Lobby Bar,Evening,55,27,82,1190.01
2017-04-29,In-Room Dining,All Day,7,0,7,218.01
2017-04-30,The Terrace Restaurant,Breakfast,265,3,268,4525.1
2017-04-30,The Terrace Restaurant,Lunch,23,22,45,1210.32
2017-04-30,The Terrace Restaurant,Dinner,53,14,67,2804.92
2017-04-30,Lobby Bar,Evening,49,15,64,1069.9
2017-04-30,In-Room Dining,All Day,10,0,10,293.34
2017-04-30,Banquets & Events,Event,0,136,136,6822.28
2017-05-01,The Terrace Restaurant,Breakfast,262,3,265,4165.14
2017-05-01,The Terrace Restaurant,Lunch,17,30,47,943.37
2017-05-01,The Terrace Restaurant,Dinner,42,16,58,2877.85
2017-05-01,Lobby Bar,Evening,48,16,64,871.31
2017-05-01,In-Room Dining,All Day,11,0,11,340.83
2017-05-02,The Terrace Restaurant,Breakfast,259,3,262,4647.81
2017-05-02,The Terrace Restaurant,Lunch,15,28,43,1002.61
2017-05-02,The Terrace Restaurant,Dinner,34,21,55,2535.9
2017-05-02,Lobby Bar,Evening,46,16,62,1039.05
2017-05-02,In-Room Dining,All Day,9,0,9,247.36
2017-05-03,The Terrace Restaurant,Breakfast,271,4,275,4468.99
2017-05-03,The Terrace Restaurant,Lunch,21,26,47,1237.33
2017-05-03,The Terrace Restaurant,Dinner,54,19,73,3020.34
2017-05-03,Lobby Bar,Evening,39,11,50,820.14
2017-05-03,In-Room Dining,All Day,10,0,10,293.53
2017-05-03,Banquets & Events,Event,0,143,143,7792.57
2017-05-04,The Terrace Restaurant,Breakfast,282,3,285,4376.71
2017-05-04,The Terrace Restaurant,Lunch,13,35,48,1120.11
2017-05-04,The Terrace Restaurant,Dinner,56,19,75,3315.09
2017-05-04,Lobby Bar,Evening,62,18,80,1174.66
2017-05-04,In-Room Dining,All Day,12,0,12,383.67
2017-05-05,The Terrace Restaurant,Breakfast,292,10,302,4569.12
2017-05-05,The Terrace Restaurant,Lunch,12,28,40,880.23
2017-05-05,The Terrace Restaurant,Dinner,56,25,81,4252.02
2017-05-05,Lobby Bar,Evening,55,22,77,1412.15
2017-05-05,In-Room Dining,All Day,11,0,11,330.57
2017-05-06,The Terrace Restaurant,Breakfast,312,6,318,4740.79
2017-05-06,The Terrace Restaurant,Lunch,20,23,43,1106.98
2017-05-06,The Terrace Restaurant,Dinner,52,35,87,3734.77
2017-05-06,Lobby Bar,Evening,54,38,92,1695.48
2017-05-06,In-Room Dining,All Day,15,0,15,486.37
2017-05-07,The Terrace Restaurant,Breakfast,298,3,301,5568.09
2017-05-07,The Terrace Restaurant,Lunch,16,30,46,1166.32
2017-05-07,The Terrace Restaurant,Dinner,38,17,55,2313.07
2017-05-07,Lobby Bar,Evening,54,16,70,1064.62
2017-05-07,In-Room Dining,All Day,10,0,10,299.97
2017-05-08,The Terrace Restaurant,Breakfast,244,4,248,3882.36
2017-05-08,The Terrace Restaurant,Lunch,14,26,40,944.63
2017-05-08,The Terrace Restaurant,Dinner,48,18,66,2859.51
2017-05-08,Lobby Bar,Evening,46,16,62,1026.99
2017-05-08,In-Room Dining,All Day,16,0,16,504.06
2017-05-09,The Terrace Restaurant,Breakfast,254,1,255,4239.64
2017-05-09,The Terrace Restaurant,Lunch,18,28,46,979.03
2017-05-09,The Terrace Restaurant,Dinner,50,21,71,3078.61
2017-05-09,Lobby Bar,Evening,59,14,73,1051.04
2017-05-09,In-Room Dining,All Day,14,0,14,409.94
2017-05-10,The Terrace Restaurant,Breakfast,286,5,291,4760.66
2017-05-10,The Terrace Restaurant,Lunch,15,22,37,884.0
2017-05-10,The Terrace Restaurant,Dinner,46,16,62,2419.82
2017-05-10,Lobby Bar,Evening,52,17,69,1179.31
2017-05-10,In-Room Dining,All Day,9,0,9,285.22
2017-05-10,Banquets & Events,Event,0,107,107,6685.73
2017-05-11,The Terrace Restaurant,Breakfast,272,1,273,4597.72
2017-05-11,The Terrace Restaurant,Lunch,12,22,34,765.78
2017-05-11,The Terrace Restaurant,Dinner,56,18,74,3399.33
2017-05-11,Lobby Bar,Evening,46,16,62,1046.07
2017-05-11,In-Room Dining,All Day,9,0,9,299.73
2017-05-12,The Terrace Restaurant,Breakfast,272,5,277,4180.25
2017-05-12,The Terrace Restaurant,Lunch,14,19,33,809.01
2017-05-12,The Terrace Restaurant,Dinner,55,37,92,4352.13
2017-05-12,Lobby Bar,Evening,50,36,86,1474.48
2017-05-12,In-Room Dining,All Day,19,0,19,537.45
2017-05-13,The Terrace Restaurant,Breakfast,285,7,292,5243.39
2017-05-13,The Terrace Restaurant,Lunch,18,17,35,792.6
2017-05-13,The Terrace Restaurant,Dinner,59,29,88,3731.29
2017-05-13,Lobby Bar,Evening,44,27,71,1258.43
2017-05-13,In-Room Dining,All Day,6,0,6,169.62
2017-05-14,The Terrace Restaurant,Breakfast,278,3,281,4825.71
2017-05-14,The Terrace Restaurant,Lunch,12,22,34,750.42
2017-05-14,The Terrace Restaurant,Dinner,44,24,68,3136.26
2017-05-14,Lobby Bar,Evening,44,9,53,931.0
2017-05-14,In-Room Dining,All Day,14,0,14,443.2
2017-05-15,The Terrace Restaurant,Breakfast,235,1,236,3168.31
2017-05-15,The Terrace Restaurant,Lunch,11,29,40,907.52
2017-05-15,The Terrace Restaurant,Dinner,44,14,58,2418.01
2017-05-15,Lobby Bar,Evening,37,13,50,812.9
2017-05-15,In-Room Dining,All Day,9,0,9,296.88
2017-05-16,The Terrace Restaurant,Breakfast,266,2,268,4137.59
2017-05-16,The Terrace Restaurant,Lunch,10,22,32,750.18
2017-05-16,The Terrace Restaurant,Dinner,57,13,70,2695.37
2017-05-16,Lobby Bar,Evening,43,14,57,1093.26
2017-05-16,In-Room Dining,All Day,11,0,11,309.32
2017-05-16,Banquets & Events,Event,0,88,88,5069.43
2017-05-17,The Terrace Restaurant,Breakfast,279,4,283,4757.37
2017-05-17,The Terrace Restaurant,Lunch,12,28,40,895.6
2017-05-17,The Terrace Restaurant,Dinner,61,21,82,3504.09
2017-05-17,Lobby Bar,Evening,53,13,66,1288.94
2017-05-17,In-Room Dining,All Day,9,0,9,295.31
2017-05-18,The Terrace Restaurant,Breakfast,304,0,304,4899.09
2017-05-18,The Terrace Restaurant,Lunch,17,29,46,936.75
2017-05-18,The Terrace Restaurant,Dinner,45,15,60,2404.56
2017-05-18,Lobby Bar,Evening,56,28,84,1568.39
2017-05-18,In-Room Dining,All Day,11,0,11,359.01
2017-05-19,The Terrace Restaurant,Breakfast,293,6,299,4981.61
2017-05-19,The Terrace Restaurant,Lunch,16,20,36,806.51
2017-05-19,The Terrace Restaurant,Dinner,51,28,79,3058.48
2017-05-19,Lobby Bar,Evening,47,24,71,1365.72
2017-05-19,In-Room Dining,All Day,13,0,13,415.41
2017-05-20,The Terrace Restaurant,Breakfast,271,6,277,4604.98
2017-05-20,The Terrace Restaurant,Lunch,18,18,36,810.42
2017-05-20,The Terrace Restaurant,Dinner,41,24,65,3020.21
2017-05-20,Lobby Bar,Evening,67,37,104,1614.9
2017-05-20,In-Room Dining,All Day,18,0,18,519.93
2017-05-21,The Terrace Restaurant,Breakfast,265,3,268,4941.66
2017-05-21,The Terrace Restaurant,Lunch,18,29,47,1098.32
2017-05-21,The Terrace Restaurant,Dinner,48,14,62,2626.34
2017-05-21,Lobby Bar,Evening,42,14,56,1036.54
2017-05-21,In-Room Dining,All Day,18,0,18,609.8
2017-05-22,The Terrace Restaurant,Breakfast,300,1,301,4517.53
2017-05-22,The Terrace Restaurant,Lunch,13,17,30,773.89
2017-05-22,The Terrace Restaurant,Dinner,47,17,64,2797.12
2017-05-22,Lobby Bar,Evening,62,13,75,1253.7
2017-05-22,In-Room Dining,All Day,10,0,10,312.41
2017-05-23,The Terrace Restaurant,Breakfast,282,1,283,4021.5
2017-05-23,The Terrace Restaurant,Lunch,15,23,38,988.48
2017-05-23,The Terrace Restaurant,Dinner,50,26,76,3535.35
2017-05-23,Lobby Bar,Evening,45,14,59,1121.32
2017-05-23,In-Room Dining,All Day,15,0,15,535.4
2017-05-24,The Terrace Restaurant,Breakfast,304,2,306,4776.84
2017-05-24,The Terrace Restaurant,Lunch,15,27,42,991.67
2017-05-24,The Terrace Restaurant,Dinner,101,16,117,4365.9
2017-05-24,Lobby Bar,Evening,47,17,64,1132.81
2017-05-24,In-Room Dining,All Day,12,0,12,413.59
2017-05-25,The Terrace Restaurant,Breakfast,320,6,326,5710.95
2017-05-25,The Terrace Restaurant,Lunch,25,18,43,1015.38
2017-05-25,The Terrace Restaurant,Dinner,110,19,129,6112.51
2017-05-25,Lobby Bar,Evening,39,8,47,828.97
2017-05-25,In-Room Dining,All Day,15,0,15,520.61
2017-05-26,The Terrace Restaurant,Breakfast,305,8,313,5608.75
2017-05-26,The Terrace Restaurant,Lunch,17,20,37,985.98
2017-05-26,The Terrace Restaurant,Dinner,49,35,84,3734.36
2017-05-26,Lobby Bar,Evening,66,35,101,1648.32
2017-05-26,In-Room Dining,All Day,16,0,16,516.78
2017-05-27,The Terrace Restaurant,Breakfast,321,6,327,4912.92
2017-05-27,The Terrace Restaurant,Lunch,11,10,21,477.88
2017-05-27,The Terrace Restaurant,Dinner,51,22,73,3301.34
2017-05-27,Lobby Bar,Evening,61,28,89,1499.0
2017-05-27,In-Room Dining,All Day,10,0,10,307.74
2017-05-28,The Terrace Restaurant,Breakfast,266,7,273,4336.99
2017-05-28,The Terrace Restaurant,Lunch,16,24,40,1021.1
2017-05-28,The Terrace Restaurant,Dinner,34,19,53,2608.44
2017-05-28,Lobby Bar,Evening,36,12,48,721.59
2017-05-28,In-Room Dining,All Day,6,0,6,186.38
2017-05-29,The Terrace Restaurant,Breakfast,235,3,238,3704.02
2017-05-29,The Terrace Restaurant,Lunch,10,19,29,736.09
2017-05-29,The Terrace Restaurant,Dinner,42,23,65,2750.87
2017-05-29,Lobby Bar,Evening,41,16,57,1124.45
2017-05-29,In-Room Dining,All Day,11,0,11,327.91
2017-05-30,The Terrace Restaurant,Breakfast,244,6,250,4037.2
2017-05-30,The Terrace Restaurant,Lunch,15,27,42,1022.85
2017-05-30,The Terrace Restaurant,Dinner,43,18,61,2577.45
2017-05-30,Lobby Bar,Evening,42,15,57,1006.15
2017-05-30,In-Room Dining,All Day,8,0,8,242.01
2017-05-31,The Terrace Restaurant,Breakfast,264,2,266,4062.5
2017-05-31,The Terrace Restaurant,Lunch,16,20,36,846.93
2017-05-31,The Terrace Restaurant,Dinner,48,18,66,3108.46
2017-05-31,Lobby Bar,Evening,41,20,61,934.65
2017-05-31,In-Room Dining,All Day,13,0,13,359.9
2017-06-01,The Terrace Restaurant,Breakfast,292,1,293,5210.68
2017-06-01,The Terrace Restaurant,Lunch,18,21,39,941.81
2017-06-01,The Terrace Restaurant,Dinner,47,11,58,2273.18
2017-06-01,Lobby Bar,Evening,38,17,55,953.92
2017-06-01,In-Room Dining,All Day,10,0,10,271.19
2017-06-02,The Terrace Restaurant,Breakfast,343,8,351,5179.89
2017-06-02,The Terrace Restaurant,Lunch,20,15,35,816.05
2017-06-02,The Terrace Restaurant,Dinner,61,47,108,4962.14
2017-06-02,Lobby Bar,Evening,62,34,96,1500.4
2017-06-02,In-Room Dining,All Day,18,0,18,634.92
2017-06-03,The Terrace Restaurant,Breakfast,332,4,336,5519.36
2017-06-03,The Terrace Restaurant,Lunch,17,15,32,791.41
2017-06-03,The Terrace Restaurant,Dinner,38,38,76,3458.85
2017-06-03,Lobby Bar,Evening,51,40,91,1451.84
2017-06-03,In-Room Dining,All Day,15,0,15,437.83
2017-06-04,The Terrace Restaurant,Breakfast,296,7,303,4458.07
2017-06-04,The Terrace Restaurant,Lunch,18,15,33,729.22
2017-06-04,The Terrace Restaurant,Dinner,46,16,62,2602.38
2017-06-04,Lobby Bar,Evening,47,15,62,1139.99
2017-06-04,In-Room Dining,All Day,15,0,15,391.45
2017-06-05,The Terrace Restaurant,Breakfast,293,2,295,4922.98
2017-06-05,The Terrace Restaurant,Lunch,12,17,29,693.15
2017-06-05,The Terrace Restaurant,Dinner,44,18,62,2479.11
2017-06-05,Lobby Bar,Evening,52,14,66,1193.89
2017-06-05,In-Room Dining,All Day,15,0,15,393.56
2017-06-05,Banquets & Events,Event,0,62,62,3509.57
2017-06-06,The Terrace Restaurant,Breakfast,269,3,272,4489.6
2017-06-06,The Terrace Restaurant,Lunch,27,25,52,1245.44
2017-06-06,The Terrace Restaurant,Dinner,49,18,67,2732.26
2017-06-06,Lobby Bar,Evening,56,14,70,1205.56
2017-06-06,In-Room Dining,All Day,12,0,12,384.49
2017-06-06,Banquets & Events,Event,0,119,119,6725.21
2017-06-07,The Terrace Restaurant,Breakfast,262,7,269,4389.57
2017-06-07,The Terrace Restaurant,Lunch,19,22,41,1081.3
2017-06-07,The Terrace Restaurant,Dinner,50,18,68,3025.84
2017-06-07,Lobby Bar,Evening,50,19,69,1189.1
2017-06-07,In-Room Dining,All Day,14,0,14,461.8
2017-06-07,Banquets & Events,Event,0,36,36,2018.48
2017-06-08,The Terrace Restaurant,Breakfast,295,3,298,4393.74
2017-06-08,The Terrace Restaurant,Lunch,13,16,29,670.84
2017-06-08,The Terrace Restaurant,Dinner,54,12,66,2963.36
2017-06-08,Lobby Bar,Evening,48,15,63,984.25
2017-06-08,In-Room Dining,All Day,13,0,13,408.83
2017-06-09,The Terrace Restaurant,Breakfast,295,4,299,4166.22
2017-06-09,The Terrace Restaurant,Lunch,25,14,39,912.75
2017-06-09,The Terrace Restaurant,Dinner,61,36,97,4444.73
2017-06-09,Lobby Bar,Evening,53,33,86,1381.01
2017-06-09,In-Room Dining,All Day,11,0,11,378.0
2017-06-10,The Terrace Restaurant,Breakfast,272,1,273,4776.32
2017-06-10,The Terrace Restaurant,Lunch,19,20,39,998.21
2017-06-10,The Terrace Restaurant,Dinner,55,24,79,3539.46
2017-06-10,Lobby Bar,Evening,48,35,83,1363.16
2017-06-10,In-Room Dining,All Day,17,0,17,494.67
2017-06-11,The Terrace Restaurant,Breakfast,243,3,246,3985.22
2017-06-11,The Terrace Restaurant,Lunch,16,22,38,866.12
2017-06-11,The Terrace Restaurant,Dinner,67,16,83,3869.77
2017-06-11,Lobby Bar,Evening,40,23,63,933.98
2017-06-11,In-Room Dining,All Day,8,0,8,247.2
2017-06-12,The Terrace Restaurant,Breakfast,267,3,270,4857.75
2017-06-12,The Terrace Restaurant,Lunch,14,26,40,1002.66
2017-06-12,The Terrace Restaurant,Dinner,66,18,84,3391.71
2017-06-12,Lobby Bar,Evening,47,15,62,1101.8
2017-06-12,In-Room Dining,All Day,10,0,10,304.87
2017-06-13,The Terrace Restaurant,Breakfast,276,3,279,5212.27
2017-06-13,The Terrace Restaurant,Lunch,17,24,41,915.07
2017-06-13,The Terrace Restaurant,Dinner,47,20,67,2674.74
2017-06-13,Lobby Bar,Evening,42,20,62,1073.39
2017-06-13,In-Room Dining,All Day,10,0,10,319.82
2017-06-14,The Terrace Restaurant,Breakfast,323,3,326,4923.25
2017-06-14,The Terrace Restaurant,Lunch,24,20,44,1126.38
2017-06-14,The Terrace Restaurant,Dinner,61,16,77,3364.97
2017-06-14,Lobby Bar,Evening,60,15,75,1346.52
2017-06-14,In-Room Dining,All Day,11,0,11,372.26
2017-06-15,The Terrace Restaurant,Breakfast,313,5,318,5650.08
2017-06-15,The Terrace Restaurant,Lunch,13,28,41,1119.35
2017-06-15,The Terrace Restaurant,Dinner,58,23,81,3758.68
2017-06-15,Lobby Bar,Evening,47,15,62,1180.06
2017-06-15,In-Room Dining,All Day,16,0,16,576.24
2017-06-16,The Terrace Restaurant,Breakfast,300,2,302,5046.9
2017-06-16,The Terrace Restaurant,Lunch,15,16,31,710.71
2017-06-16,The Terrace Restaurant,Dinner,53,35,88,4160.32
2017-06-16,Lobby Bar,Evening,47,35,82,1565.93
2017-06-16,In-Room Dining,All Day,15,0,15,427.55
2017-06-17,The Terrace Restaurant,Breakfast,293,5,298,4582.18
2017-06-17,The Terrace Restaurant,Lunch,20,10,30,723.39
2017-06-17,The Terrace Restaurant,Dinner,53,33,86,4096.58
2017-06-17,Lobby Bar,Evening,46,33,79,1475.44
2017-06-17,In-Room Dining,All Day,18,0,18,528.19
2017-06-18,The Terrace Restaurant,Breakfast,264,2,266,4551.1
2017-06-18,The Terrace Restaurant,Lunch,7,25,32,732.8
2017-06-18,The Terrace Restaurant,Dinner,56,15,71,3590.25
2017-06-18,Lobby Bar,Evening,52,16,68,1131.47
2017-06-18,In-Room Dining,All Day,10,0,10,313.7
2017-06-19,The Terrace Restaurant,Breakfast,266,6,272,4362.48
2017-06-19,The Terrace Restaurant,Lunch,18,29,47,1179.77
2017-06-19,The Terrace Restaurant,Dinner,50,19,69,2807.37
2017-06-19,Lobby Bar,Evening,38,14,52,878.76
2017-06-19,In-Room Dining,All Day,17,0,17,526.56
2017-06-19,Banquets & Events,Event,0,50,50,3304.53
2017-06-20,The Terrace Restaurant,Breakfast,261,6,267,4127.64
2017-06-20,The Terrace Restaurant,Lunch,21,26,47,1192.03
2017-06-20,The Terrace Restaurant,Dinner,46,14,60,2872.15
2017-06-20,Lobby Bar,Evening,43,16,59,1099.57
2017-06-20,In-Room Dining,All Day,13,0,13,348.96
2017-06-20,Banquets & Events,Event,0,158,158,9487.52
2017-06-21,The Terrace Restaurant,Breakfast,300,6,306,5004.93
2017-06-21,The Terrace Restaurant,Lunch,19,29,48,1266.92
2017-06-21,The Terrace Restaurant,Dinner,54,24,78,3571.83
2017-06-21,Lobby Bar,Evening,55,13,68,957.06
2017-06-21,In-Room Dining,All Day,12,0,12,386.53
2017-06-22,The Terrace Restaurant,Breakfast,268,8,276,4422.26
2017-06-22,The Terrace Restaurant,Lunch,21,29,50,1328.69
2017-06-22,The Terrace Restaurant,Dinner,54,17,71,2662.67
2017-06-22,Lobby Bar,Evening,39,24,63,1043.93
2017-06-22,In-Room Dining,All Day,15,0,15,467.46
2017-06-23,The Terrace Restaurant,Breakfast,291,4,295,4636.82
2017-06-23,The Terrace Restaurant,Lunch,15,17,32,723.98
2017-06-23,The Terrace Restaurant,Dinner,48,27,75,3273.34
2017-06-23,Lobby Bar,Evening,49,34,83,1560.7
2017-06-23,In-Room Dining,All Day,16,0,16,434.36
2017-06-23,Banquets & Events,Event,0,142,142,8924.56
2017-06-24,The Terrace Restaurant,Breakfast,276,5,281,4796.14
2017-06-24,The Terrace Restaurant,Lunch,22,19,41,1228.69
2017-06-24,The Terrace Restaurant,Dinner,55,36,91,3960.48
2017-06-24,Lobby Bar,Evening,60,31,91,1424.14
2017-06-24,In-Room Dining,All Day,10,0,10,311.35
2017-06-25,The Terrace Restaurant,Breakfast,324,5,329,4746.92
2017-06-25,The Terrace Restaurant,Lunch,15,23,38,814.88
2017-06-25,The Terrace Restaurant,Dinner,115,17,132,6099.16
2017-06-25,Lobby Bar,Evening,46,19,65,1046.56
2017-06-25,In-Room Dining,All Day,14,0,14,363.9
2017-06-26,The Terrace Restaurant,Breakfast,338,5,343,5132.95
2017-06-26,The Terrace Restaurant,Lunch,11,27,38,858.34
2017-06-26,The Terrace Restaurant,Dinner,142,19,161,6367.53
2017-06-26,Lobby Bar,Evening,47,8,55,1013.88
2017-06-26,In-Room Dining,All Day,10,0,10,282.36
2017-06-26,Banquets & Events,Event,0,151,151,7723.06
2017-06-27,The Terrace Restaurant,Breakfast,264,0,264,3720.82
2017-06-27,The Terrace Restaurant,Lunch,11,26,37,704.59
2017-06-27,The Terrace Restaurant,Dinner,41,9,50,1998.68
2017-06-27,Lobby Bar,Evening,53,13,66,985.62
2017-06-27,In-Room Dining,All Day,8,0,8,225.94
2017-06-28,The Terrace Restaurant,Breakfast,294,4,298,5147.13
2017-06-28,The Terrace Restaurant,Lunch,18,24,42,905.36
2017-06-28,The Terrace Restaurant,Dinner,40,25,65,2920.72
2017-06-28,Lobby Bar,Evening,46,15,61,1156.7
2017-06-28,In-Room Dining,All Day,11,0,11,339.72
2017-06-29,The Terrace Restaurant,Breakfast,315,3,318,5040.88
2017-06-29,The Terrace Restaurant,Lunch,20,34,54,1263.59
2017-06-29,The Terrace Restaurant,Dinner,50,22,72,3475.69
2017-06-29,Lobby Bar,Evening,55,12,67,801.85
2017-06-29,In-Room Dining,All Day,15,0,15,464.87
2017-06-30,The Terrace Restaurant,Breakfast,311,7,318,4752.73
2017-06-30,The Terrace Restaurant,Lunch,18,22,40,989.97
2017-06-30,The Terrace Restaurant,Dinner,62,29,91,4175.7
2017-06-30,Lobby Bar,Evening,56,39,95,1419.18
2017-06-30,In-Room Dining,All Day,11,0,11,376.0
2017-07-01,The Terrace Restaurant,Breakfast,331,4,335,5821.68
2017-07-01,The Terrace Restaurant,Lunch,18,10,28,663.66
2017-07-01,The Terrace Restaurant,Dinner,53,36,89,3594.02
2017-07-01,Lobby Bar,Evening,55,31,86,1284.38
2017-07-01,In-Room Dining,All Day,15,0,15,506.26
2017-07-02,The Terrace Restaurant,Breakfast,302,1,303,4008.63
2017-07-02,The Terrace Restaurant,Lunch,15,17,32,675.07
2017-07-02,The Terrace Restaurant,Dinner,61,13,74,3292.38
2017-07-02,Lobby Bar,Evening,62,18,80,1237.7
2017-07-02,In-Room Dining,All Day,12,0,12,385.19
2017-07-03,The Terrace Restaurant,Breakfast,312,2,314,4500.67
2017-07-03,The Terrace Restaurant,Lunch,15,25,40,1044.29
2017-07-03,The Terrace Restaurant,Dinner,78,20,98,4399.4
2017-07-03,Lobby Bar,Evening,58,9,67,1238.59
2017-07-03,In-Room Dining,All Day,14,0,14,444.37
2017-07-04,The Terrace Restaurant,Breakfast,351,2,353,5337.11
2017-07-04,The Terrace Restaurant,Lunch,12,23,35,836.24
2017-07-04,The Terrace Restaurant,Dinner,147,10,157,7397.22
2017-07-04,Lobby Bar,Evening,61,13,74,1297.66
2017-07-04,In-Room Dining,All Day,16,0,16,555.49
2017-07-04,Banquets & Events,Event,0,145,145,8422.53
2017-07-05,The Terrace Restaurant,Breakfast,337,2,339,5289.71
2017-07-05,The Terrace Restaurant,Lunch,19,25,44,1206.44
2017-07-05,The Terrace Restaurant,Dinner,147,11,158,7084.48
2017-07-05,Lobby Bar,Evening,49,11,60,1023.13
2017-07-05,In-Room Dining,All Day,16,0,16,439.66
2017-07-06,The Terrace Restaurant,Breakfast,291,3,294,4761.19
2017-07-06,The Terrace Restaurant,Lunch,24,25,49,1081.76
2017-07-06,The Terrace Restaurant,Dinner,71,17,88,3805.63
2017-07-06,Lobby Bar,Evening,52,16,68,1035.57
2017-07-06,In-Room Dining,All Day,14,0,14,503.43
2017-07-07,The Terrace Restaurant,Breakfast,279,5,284,4542.4
2017-07-07,The Terrace Restaurant,Lunch,28,21,49,972.83
2017-07-07,The Terrace Restaurant,Dinner,69,30,99,4270.58
2017-07-07,Lobby Bar,Evening,62,32,94,1565.85
2017-07-07,In-Room Dining,All Day,10,0,10,302.3
2017-07-07,Banquets & Events,Event,0,56,56,3345.28
2017-07-08,The Terrace Restaurant,Breakfast,303,6,309,4180.93
2017-07-08,The Terrace Restaurant,Lunch,21,16,37,837.68
2017-07-08,The Terrace Restaurant,Dinner,52,29,81,3316.14
2017-07-08,Lobby Bar,Evening,55,20,75,1426.64
2017-07-08,In-Room Dining,All Day,15,0,15,455.35
2017-07-09,The Terrace Restaurant,Breakfast,314,2,316,4654.49
2017-07-09,The Terrace Restaurant,Lunch,18,16,34,778.09
2017-07-09,The Terrace Restaurant,Dinner,59,15,74,2877.23
2017-07-09,Lobby Bar,Evening,63,24,87,1516.17
2017-07-09,In-Room Dining,All Day,16,0,16,493.78
2017-07-10,The Terrace Restaurant,Breakfast,338,3,341,5000.05
2017-07-10,The Terrace Restaurant,Lunch,18,26,44,988.78
2017-07-10,The Terrace Restaurant,Dinner,59,19,78,3519.19
2017-07-10,Lobby Bar,Evening,64,11,75,1231.06
2017-07-10,In-Room Dining,All Day,15,0,15,418.04
2017-07-11,The Terrace Restaurant,Breakfast,340,0,340,4679.1
2017-07-11,The Terrace Restaurant,Lunch,20,22,42,1026.71
2017-07-11,The Terrace Restaurant,Dinner,51,22,73,3194.95
2017-07-11,Lobby Bar,Evening,55,14,69,1285.67
2017-07-11,In-Room Dining,All Day,15,0,15,462.18
2017-07-12,The Terrace Restaurant,Breakfast,343,2,345,5184.98
2017-07-12,The Terrace Restaurant,Lunch,17,18,35,839.44
2017-07-12,The Terrace Restaurant,Dinner,68,16,84,3627.47
2017-07-12,Lobby Bar,Evening,56,9,65,1157.68
2017-07-12,In-Room Dining,All Day,18,0,18,571.7
2017-07-12,Banquets & Events,Event,0,93,93,5126.88
2017-07-13,The Terrace Restaurant,Breakfast,351,2,353,5519.26
2017-07-13,The Terrace Restaurant,Lunch,27,28,55,1324.01
2017-07-13,The Terrace Restaurant,Dinner,145,18,163,6696.04
2017-07-13,Lobby Bar,Evening,66,13,79,1381.98
2017-07-13,In-Room Dining,All Day,23,0,23,612.26
2017-07-14,The Terrace Restaurant,Breakfast,352,7,359,6330.52
2017-07-14,The Terrace Restaurant,Lunch,22,19,41,978.23
2017-07-14,The Terrace Restaurant,Dinner,133,38,171,6404.62
2017-07-14,Lobby Bar,Evening,64,40,104,1854.9
2017-07-14,In-Room Dining,All Day,14,0,14,411.23
2017-07-15,The Terrace Restaurant,Breakfast,332,5,337,4995.25
2017-07-15,The Terrace Restaurant,Lunch,14,21,35,884.02
2017-07-15,The Terrace Restaurant,Dinner,57,17,74,3652.4
2017-07-15,Lobby Bar,Evening,53,25,78,1219.9
2017-07-15,In-Room Dining,All Day,14,0,14,504.68
2017-07-16,The Terrace Restaurant,Breakfast,339,2,341,5090.42
2017-07-16,The Terrace Restaurant,Lunch,12,32,44,1077.51
2017-07-16,The Terrace Restaurant,Dinner,52,21,73,3179.66
2017-07-16,Lobby Bar,Evening,54,13,67,1171.94
2017-07-16,In-Room Dining,All Day,17,0,17,527.62
2017-07-17,The Terrace Restaurant,Breakfast,347,5,352,5825.77
2017-07-17,The Terrace Restaurant,Lunch,22,28,50,1309.06
2017-07-17,The Terrace Restaurant,Dinner,82,21,103,5034.02
2017-07-17,Lobby Bar,Evening,60,17,77,1377.93
2017-07-17,In-Room Dining,All Day,17,0,17,514.7
2017-07-17,Banquets & Events,Event,0,76,76,3836.58
2017-07-18,The Terrace Restaurant,Breakfast,356,6,362,6197.22
2017-07-18,The Terrace Restaurant,Lunch,22,27,49,1083.2
2017-07-18,The Terrace Restaurant,Dinner,50,15,65,2840.51
2017-07-18,Lobby Bar,Evening,68,14,82,1473.35
2017-07-18,In-Room Dining,All Day,16,0,16,534.95
2017-07-19,The Terrace Restaurant,Breakfast,372,4,376,5985.08
2017-07-19,The Terrace Restaurant,Lunch,23,13,36,880.35
2017-07-19,The Terrace Restaurant,Dinner,50,24,74,3348.03
2017-07-19,Lobby Bar,Evening,59,18,77,1514.07
2017-07-19,In-Room Dining,All Day,21,0,21,599.07
2017-07-19,Banquets & Events,Event,0,99,99,5297.67
2017-07-20,The Terrace Restaurant,Breakfast,330,1,331,5293.43
2017-07-20,The Terrace Restaurant,Lunch,22,27,49,1090.84
2017-07-20,The Terrace Restaurant,Dinner,48,9,57,2328.49
2017-07-20,Lobby Bar,Evening,54,13,67,1200.72
2017-07-20,In-Room Dining,All Day,18,0,18,591.05
2017-07-21,The Terrace Restaurant,Breakfast,335,2,337,5786.75
2017-07-21,The Terrace Restaurant,Lunch,38,18,56,1551.54
2017-07-21,The Terrace Restaurant,Dinner,49,26,75,3242.14
2017-07-21,Lobby Bar,Evening,47,40,87,1449.88
2017-07-21,In-Room Dining,All Day,15,0,15,455.47
2017-07-22,The Terrace Restaurant,Breakfast,331,7,338,4679.27
2017-07-22,The Terrace Restaurant,Lunch,17,13,30,721.66
2017-07-22,The Terrace Restaurant,Dinner,98,33,131,5718.86
2017-07-22,Lobby Bar,Evening,51,37,88,1397.28
2017-07-22,In-Room Dining,All Day,11,0,11,328.44
2017-07-23,The Terrace Restaurant,Breakfast,321,1,322,5368.23
2017-07-23,The Terrace Restaurant,Lunch,27,20,47,1143.98
2017-07-23,The Terrace Restaurant,Dinner,117,12,129,5037.35
2017-07-23,Lobby Bar,Evening,57,25,82,1453.68
2017-07-23,In-Room Dining,All Day,10,0,10,290.46
2017-07-24,The Terrace Restaurant,Breakfast,330,3,333,5142.53
2017-07-24,The Terrace Restaurant,Lunch,19,23,42,1042.44
2017-07-24,The Terrace Restaurant,Dinner,57,18,75,2796.52
2017-07-24,Lobby Bar,Evening,54,16,70,1121.56
2017-07-24,In-Room Dining,All Day,13,0,13,406.85
2017-07-24,Banquets & Events,Event,0,113,113,6379.55
2017-07-25,The Terrace Restaurant,Breakfast,349,6,355,5393.47
2017-07-25,The Terrace Restaurant,Lunch,22,25,47,1174.91
2017-07-25,The Terrace Restaurant,Dinner,63,15,78,3410.72
2017-07-25,Lobby Bar,Evening,68,15,83,1466.85
2017-07-25,In-Room Dining,All Day,11,0,11,357.83
2017-07-26,The Terrace Restaurant,Breakfast,351,1,352,5796.83
2017-07-26,The Terrace Restaurant,Lunch,22,31,53,1208.08
2017-07-26,The Terrace Restaurant,Dinner,64,19,83,3777.82
2017-07-26,Lobby Bar,Evening,54,26,80,1323.53
2017-07-26,In-Room Dining,All Day,18,0,18,514.31
2017-07-27,The Terrace Restaurant,Breakfast,355,2,357,5689.51
2017-07-27,The Terrace Restaurant,Lunch,23,18,41,1034.48
2017-07-27,The Terrace Restaurant,Dinner,75,20,95,4137.22
2017-07-27,Lobby Bar,Evening,51,18,69,1216.13
2017-07-27,In-Room Dining,All Day,14,0,14,397.16
2017-07-28,The Terrace Restaurant,Breakfast,340,8,348,6223.61
2017-07-28,The Terrace Restaurant,Lunch,16,15,31,858.36
2017-07-28,The Terrace Restaurant,Dinner,61,33,94,4061.98
2017-07-28,Lobby Bar,Evening,61,28,89,1661.83
2017-07-28,In-Room Dining,All Day,15,0,15,490.22
2017-07-28,Banquets & Events,Event,0,89,89,5694.58
2017-07-29,The Terrace Restaurant,Breakfast,335,6,341,5500.71
2017-07-29,The Terrace Restaurant,Lunch,19,11,30,692.33
2017-07-29,The Terrace Restaurant,Dinner,58,38,96,3806.64
2017-07-29,Lobby Bar,Evening,71,20,91,1605.98
2017-07-29,In-Room Dining,All Day,13,0,13,422.1
2017-07-30,The Terrace Restaurant,Breakfast,301,2,303,5475.23
2017-07-30,The Terrace Restaurant,Lunch,19,17,36,787.87
2017-07-30,The Terrace Restaurant,Dinner,50,15,65,3528.74
2017-07-30,Lobby Bar,Evening,55,21,76,1342.96
2017-07-30,In-Room Dining,All Day,13,0,13,396.44
2017-07-31,The Terrace Restaurant,Breakfast,344,3,347,6028.22
2017-07-31,The Terrace Restaurant,Lunch,20,29,49,1163.0
2017-07-31,The Terrace Restaurant,Dinner,60,17,77,3867.54
2017-07-31,Lobby Bar,Evening,50,13,63,1115.43
2017-07-31,In-Room Dining,All Day,19,0,19,575.2
2017-08-01,The Terrace Restaurant,Breakfast,308,6,314,5569.67
2017-08-01,The Terrace Restaurant,Lunch,22,20,42,1078.11
2017-08-01,The Terrace Restaurant,Dinner,70,14,84,3596.18
2017-08-01,Lobby Bar,Evening,63,14,77,1174.49
2017-08-01,In-Room Dining,All Day,14,0,14,491.12
2017-08-02,The Terrace Restaurant,Breakfast,329,1,330,5916.01
2017-08-02,The Terrace Restaurant,Lunch,11,20,31,753.5
2017-08-02,The Terrace Restaurant,Dinner,104,24,128,5060.85
2017-08-02,Lobby Bar,Evening,61,17,78,1459.5
2017-08-02,In-Room Dining,All Day,14,0,14,425.89
2017-08-03,The Terrace Restaurant,Breakfast,321,3,324,4885.54
2017-08-03,The Terrace Restaurant,Lunch,22,26,48,1052.93
2017-08-03,The Terrace Restaurant,Dinner,86,13,99,5216.59
2017-08-03,Lobby Bar,Evening,56,12,68,1198.51
2017-08-03,In-Room Dining,All Day,15,0,15,487.86
2017-08-04,The Terrace Restaurant,Breakfast,341,7,348,5388.01
2017-08-04,The Terrace Restaurant,Lunch,18,9,27,623.4
2017-08-04,The Terrace Restaurant,Dinner,62,30,92,4241.56
2017-08-04,Lobby Bar,Evening,59,26,85,1497.84
2017-08-04,In-Room Dining,All Day,11,0,11,332.12
2017-08-05,The Terrace Restaurant,Breakfast,290,2,292,4684.23
2017-08-05,The Terrace Restaurant,Lunch,23,19,42,1033.52
2017-08-05,The Terrace Restaurant,Dinner,75,32,107,4817.9
2017-08-05,Lobby Bar,Evening,61,28,89,1480.61
2017-08-05,In-Room Dining,All Day,17,0,17,495.59
2017-08-06,The Terrace Restaurant,Breakfast,313,1,314,4295.85
2017-08-06,The Terrace Restaurant,Lunch,26,23,49,1389.06
2017-08-06,The Terrace Restaurant,Dinner,67,20,87,3719.37
2017-08-06,Lobby Bar,Evening,50,15,65,1204.36
2017-08-06,In-Room Dining,All Day,12,0,12,355.27
2017-08-07,The Terrace Restaurant,Breakfast,347,1,348,6170.41
2017-08-07,The Terrace Restaurant,Lunch,14,20,34,733.26
2017-08-07,The Terrace Restaurant,Dinner,77,16,93,4371.18
2017-08-07,Lobby Bar,Evening,61,11,72,1271.78
2017-08-07,In-Room Dining,All Day,16,0,16,471.06
2017-08-08,The Terrace Restaurant,Breakfast,349,0,349,6077.88
2017-08-08,The Terrace Restaurant,Lunch,24,13,37,968.52
2017-08-08,The Terrace Restaurant,Dinner,81,11,92,4564.76
2017-08-08,Lobby Bar,Evening,54,15,69,1292.07
2017-08-08,In-Room Dining,All Day,13,0,13,388.62
2017-08-08,Banquets & Events,Event,0,40,40,2460.51
2017-08-09,The Terrace Restaurant,Breakfast,335,3,338,6011.87
2017-08-09,The Terrace Restaurant,Lunch,20,21,41,883.06
2017-08-09,The Terrace Restaurant,Dinner,76,14,90,3720.24
2017-08-09,Lobby Bar,Evening,64,10,74,1251.64
2017-08-09,In-Room Dining,All Day,17,0,17,447.9
2017-08-10,The Terrace Restaurant,Breakfast,345,0,345,5727.55
2017-08-10,The Terrace Restaurant,Lunch,19,21,40,1040.3
2017-08-10,The Terrace Restaurant,Dinner,72,14,86,3640.45
2017-08-10,Lobby Bar,Evening,73,10,83,1550.94
2017-08-10,In-Room Dining,All Day,21,0,21,639.39
2017-08-11,The Terrace Restaurant,Breakfast,343,6,349,6086.11
2017-08-11,The Terrace Restaurant,Lunch,18,19,37,855.85
2017-08-11,The Terrace Restaurant,Dinner,67,29,96,3957.37
2017-08-11,Lobby Bar,Evening,67,36,103,1964.6
2017-08-11,In-Room Dining,All Day,14,0,14,518.04
2017-08-12,The Terrace Restaurant,Breakfast,364,8,372,5961.81
2017-08-12,The Terrace Restaurant,Lunch,15,9,24,464.86
2017-08-12,The Terrace Restaurant,Dinner,80,33,113,4177.66
2017-08-12,Lobby Bar,Evening,64,35,99,1672.11
2017-08-12,In-Room Dining,All Day,16,0,16,469.13
2017-08-13,The Terrace Restaurant,Breakfast,327,3,330,5022.34
2017-08-13,The Terrace Restaurant,Lunch,35,14,49,1208.96
2017-08-13,The Terrace Restaurant,Dinner,63,18,81,3283.11
2017-08-13,Lobby Bar,Evening,66,16,82,1506.24
2017-08-13,In-Room Dining,All Day,15,0,15,464.67
2017-08-13,Banquets & Events,Event,0,116,116,5844.03
2017-08-14,The Terrace Restaurant,Breakfast,375,3,378,6167.59
2017-08-14,The Terrace Restaurant,Lunch,16,15,31,819.47
2017-08-14,The Terrace Restaurant,Dinner,67,13,80,3393.59
2017-08-14,Lobby Bar,Evening,65,19,84,1592.29
2017-08-14,In-Room Dining,All Day,16,0,16,434.95
2017-08-15,The Terrace Restaurant,Breakfast,357,2,359,4977.48
2017-08-15,The Terrace Restaurant,Lunch,25,12,37,760.22
2017-08-15,The Terrace Restaurant,Dinner,86,13,99,4123.39
2017-08-15,Lobby Bar,Evening,48,11,59,1001.69
2017-08-15,In-Room Dining,All Day,15,0,15,473.6
2017-08-16,The Terrace Restaurant,Breakfast,368,3,371,5604.73
2017-08-16,The Terrace Restaurant,Lunch,17,15,32,740.88
2017-08-16,The Terrace Restaurant,Dinner,77,15,92,4331.39
2017-08-16,Lobby Bar,Evening,69,10,79,1327.29
2017-08-16,In-Room Dining,All Day,13,0,13,393.74
2017-08-17,The Terrace Restaurant,Breakfast,342,2,344,5221.68
2017-08-17,The Terrace Restaurant,Lunch,20,17,37,892.14
2017-08-17,The Terrace Restaurant,Dinner,66,14,80,3393.06
2017-08-17,Lobby Bar,Evening,63,7,70,1391.22
2017-08-17,In-Room Dining,All Day,17,0,17,533.61
2017-08-18,The Terrace Restaurant,Breakfast,342,5,347,5249.2
2017-08-18,The Terrace Restaurant,Lunch,20,13,33,773.86
2017-08-18,The Terrace Restaurant,Dinner,77,31,108,4346.98
2017-08-18,Lobby Bar,Evening,73,32,105,1879.93
2017-08-18,In-Room Dining,All Day,12,0,12,344.82
2017-08-18,Banquets & Events,Event,0,106,106,5287.54
2017-08-19,The Terrace Restaurant,Breakfast,364,8,372,5595.98
2017-08-19,The Terrace Restaurant,Lunch,17,13,30,623.6
2017-08-19,The Terrace Restaurant,Dinner,73,28,101,4297.58
2017-08-19,Lobby Bar,Evening,63,28,91,1539.67
2017-08-19,In-Room Dining,All Day,8,0,8,247.55
2017-08-20,The Terrace Restaurant,Breakfast,348,1,349,5476.65
2017-08-20,The Terrace Restaurant,Lunch,15,12,27,662.32
2017-08-20,The Terrace Restaurant,Dinner,82,11,93,3883.25
2017-08-20,Lobby Bar,Evening,46,11,57,983.6
2017-08-20,In-Room Dining,All Day,21,0,21,679.5
2017-08-21,The Terrace Restaurant,Breakfast,334,5,339,5366.19
2017-08-21,The Terrace Restaurant,Lunch,23,18,41,1085.45
2017-08-21,The Terrace Restaurant,Dinner,75,13,88,3537.29
2017-08-21,Lobby Bar,Evening,46,16,62,1131.94
2017-08-21,In-Room Dining,All Day,12,0,12,349.1
2017-08-22,The Terrace Restaurant,Breakfast,310,2,312,4903.96
2017-08-22,The Terrace Restaurant,Lunch,22,21,43,1126.28
2017-08-22,The Terrace Restaurant,Dinner,55,17,72,3118.71
2017-08-22,Lobby Bar,Evening,43,15,58,949.77
2017-08-22,In-Room Dining,All Day,16,0,16,479.9
2017-08-22,Banquets & Events,Event,0,135,135,7610.99
2017-08-23,The Terrace Restaurant,Breakfast,328,5,333,5196.55
2017-08-23,The Terrace Restaurant,Lunch,23,23,46,949.25
2017-08-23,The Terrace Restaurant,Dinner,86,14,100,4092.89
2017-08-23,Lobby Bar,Evening,56,14,70,1202.36
2017-08-23,In-Room Dining,All Day,12,0,12,380.01
2017-08-24,The Terrace Restaurant,Breakfast,309,3,312,4707.31
2017-08-24,The Terrace Restaurant,Lunch,15,26,41,1034.14
2017-08-24,The Terrace Restaurant,Dinner,62,8,70,3313.41
2017-08-24,Lobby Bar,Evening,53,15,68,1057.9
2017-08-24,In-Room Dining,All Day,10,0,10,326.28
2017-08-25,The Terrace Restaurant,Breakfast,337,6,343,5395.03
2017-08-25,The Terrace Restaurant,Lunch,30,9,39,901.14
2017-08-25,The Terrace Restaurant,Dinner,145,23,168,8059.68
2017-08-25,Lobby Bar,Evening,68,22,90,1629.39
2017-08-25,In-Room Dining,All Day,11,0,11,337.21
2017-08-26,The Terrace Restaurant,Breakfast,366,3,369,5967.02
2017-08-26,The Terrace Restaurant,Lunch,11,24,35,779.21
2017-08-26,The Terrace Restaurant,Dinner,154,28,182,8414.84
2017-08-26,Lobby Bar,Evening,56,21,77,1438.64
2017-08-26,In-Room Dining,All Day,15,0,15,423.26
2017-08-27,The Terrace Restaurant,Breakfast,290,2,292,4678.4
2017-08-27,The Terrace Restaurant,Lunch,16,15,31,730.04
2017-08-27,The Terrace Restaurant,Dinner,65,8,73,2771.8
2017-08-27,Lobby Bar,Evening,61,15,76,1489.76
2017-08-27,In-Room Dining,All Day,16,0,16,426.73
2017-08-28,The Terrace Restaurant,Breakfast,301,3,304,4717.52
2017-08-28,The Terrace Restaurant,Lunch,22,16,38,891.34
2017-08-28,The Terrace Restaurant,Dinner,93,11,104,4317.26
2017-08-28,Lobby Bar,Evening,45,19,64,1128.51
2017-08-28,In-Room Dining,All Day,17,0,17,507.42
2017-08-28,Banquets & Events,Event,0,147,147,6753.42
2017-08-29,The Terrace Restaurant,Breakfast,271,3,274,3866.68
2017-08-29,The Terrace Restaurant,Lunch,10,18,28,682.95
2017-08-29,The Terrace Restaurant,Dinner,109,15,124,5370.17
2017-08-29,Lobby Bar,Evening,42,16,58,901.02
2017-08-29,In-Room Dining,All Day,14,0,14,428.97
2017-08-30,The Terrace Restaurant,Breakfast,238,1,239,3692.54
2017-08-30,The Terrace Restaurant,Lunch,16,17,33,676.73
2017-08-30,The Terrace Restaurant,Dinner,92,22,114,4876.46
2017-08-30,Lobby Bar,Evening,36,8,44,745.71
2017-08-30,In-Room Dining,All Day,7,0,7,216.84
2017-08-31,The Terrace Restaurant,Breakfast,289,1,290,5286.24
2017-08-31,The Terrace Restaurant,Lunch,16,21,37,871.97
2017-08-31,The Terrace Restaurant,Dinner,92,13,105,4657.0
2017-08-31,Lobby Bar,Evening,53,12,65,1107.9
2017-08-31,In-Room Dining,All Day,7,0,7,243.64
